0	S		19286	ΤΡΙΤΟ ΜΕΤΑΠΤΥΧΙΑΚΟ ΔΙΠΛΩΜΑ	6
0	S		21966	ΜΕΤΑΠΤΥΧΙΑΚΟΣ ΤΙΤΛΟΣ ΑΡ 46 Ν 4485/2017	6
0	S		22466	ΤΡΙΤΟ ΜΕΤΑΠΤΥΧΙΑΚΟ ΔΙΠΛΩΜΑ	5
0	S		26126	ΒΕΒΑΙΩΣΗ ΟΡΘΗΣ ΑΝΑΓΓΕΛΙΑΣ ΕΝΑΡΞΕΩΣ ΕΠΑΓΓΕΛΜΑΤΟΣ	3
0	S		26569	ΠΤΥΧΙΟ ΕΠΑ.Σ.	3
0	S		27226	ΒΕΒΑΙΩΣΗ ΑΝΑΓΓΕΛΙΑΣ	3
0	S		301	ΔΙΠΛΩΜΑ ΙΣΟΤΙΜΟ ΜΕ ΠΤΥΧΙΟ ΤΕΙ (ΔΙΚΑΤΣΑ)	4
0	S		342	ΔΕΥΤΕΡΟ ΔΙΔΑΚΤΟΡΙΚΟ ΔΙΠΛΩΜΑ	7
0	S		382	ΑΠΟΛΥΤΗΡΙΟ ΣΧΟΛΕΙΟΥ ΔΕΥΤΕΡΗΣ ΕΥΚΑΙΡΙΑΣ (ΙΣΟΤΙΜΟ ΜΕ ΑΠΟΛΥΤΗΡΙΟ ΓΥΜΝΑΣΙΟΥ)	1
0	S		402	ΑΠΟΛΥΤΗΡΙΟ ΕΣΠΕΡΙΝΟΥ Γ΄ΤΑΞΗΣ ΓΥΜΝΑΣΙΟΥ	1
0	S		4374018	-	3
0	S		4374019	ΑΠΟΛΥΤΗΡΙΟ ΔΗΜΟΤΙΚΟΥ	2
0	S		4374020	ΑΠΟΛΥΤΗΡΙΟ ΓΥΜΝΑΣΙΟΥ	3
0	S		4374021	ΑΠΟΛΥΤΗΡΙΟ ΛΥΚΕΙΟΥ	3
0	S		4374025	ΑΠΟΛΥΤΗΡΙΟ ΕΞΑΤΑΞΙΟΥ ΓΥΜΝΑΣΙΟΥ	3
0	S		4374027	ΔΗΜΟΤΙΚΟ	2
0	S		4374054	ΓΥΜΝΑΣΙΟ	2
0	S		4374078	ΑΔΕΙΑ ΘΑΛΑΜΗΠΟΛΟΥ Β ΤΑΞΕΩΣ	3
0	S		4374079	ΠΙΣΤΟΠΟΙΗΤΙΚΟ ΕΘΝΙΚΟΥ ΑΓΡΟΤΙΚΟΥ ΟΡΦΑΝΟΤΡ	3
0	S		4374081	ΠΤΥΧΙΟ ΚΑΤΩΤΕΡΗΣ ΤΕΧΝΙΚΗΣ ΣΧΟΛΗΣ	2
0	S		4374085	ΑΠΟΛΥΤΗΡΙΟ ΜΕΣΗΣ ΕΚΠΑΙΔΕΥΣΗΣ ΕΣΣΔ	3
0	S		4374103	ΑΠΟΛΥΤΗΡΙΟ ΕΣΠΕΡΙΝΟΥ ΕΠ/ΚΟΥ ΛΥΚΕΙΟΥ	3
0	S		30026	ΠΤΥΧΙΟ ΕΣΠΕΡΙΝΟΥ ΕΠ/ΚΟΥ ΛΥΚΕΙΟΥ	3
0	S		4374121	ΠΤΥΧΙΟ ΑΝΑΤΟΛ. ΧΩΡΩΝ	3
0	S		4374123	ΑΠΟΛΥΤΗΡΙΟ ΕΘΝΙΚΟΥ ΙΔΡΥΜ ΚΩΦΑΛΑΛΩΝ	3
0	S		4374138	ΑΠΟΛΥΤΗΡΙΟ 8ΤΑΞΙΟΥ ΓΥΜΝΑΣΙΟΥ	3
0	S		4374142	ΑΠΟΛΥΤΗΡΙΟ 7ΤΑΞΙΟΥ ΕΣΠΕΡΙΝΟΥ ΓΥΜΝΑΣΙΟΥ	3
0	S		4374146	ΝΥΧΤΕΡΙΝΟ ΓΥΜΝΑΣΙΟ	3
0	S		4374150	ΑΠΟΛ. ΕΙΔΙΚ. ΓΥΜΝ. ΚΩΦΑΛΑΛΩΝ	3
0	S		4374151	8ΤΑΞΙΟ ΓΥΜΝΑΣΙΟ	3
0	S		4374152	ΝΥΧΤΕΡΙΝΟ ΔΗΜΟΤΙΚΟ	3
0	S		4374155	8Η ΤΑΞΗ 9/ΕΤΟΥΣ ΦΟΙΤΗΣΗΣ ΤΣΕΧΟΣΛΑΒΑΚΙΑΣ	3
0	S		4374167	ΜΕΤΑΠΤΥΧΙΑΚΟ MASTER OF SCIENCE	6
0	S		4374183	ΛΥΚΕΙΟ	3
0	S		4374184	ΑΠΟΛΥΤΗΡΙΟ ΑΒΕΡ. ΠΑΡΘΕΝΑΓΩΓΕΙΟΥ	3
0	S		4374216	ΠΤΥΧΙΟ ΤΕΙ ΑΙΣΘΗΤΙΚΗΣ	4
0	S		4374256	ΙΣΟΤΙΜΙΑ ΠΤΥΧΙΟΥ ΚΑΤΕΕ	4
0	S		4374286	ΔΙΔΑΚΤΟΡΙΚΟ ΔΙΠΛΩΜΑ	7
0	S		4374290	ΜΕΤΑΠΤΥΧΙΑΚΟ ΔΙΠΛΩΜΑ	6
0	S		4374304	ΜΕΤΑΠΤΥΧΙΑΚΟ	6
0	S		4374368	ΠΤΥΧΙΟ ΕΛΛΗΝΙΚΟΥ ΑΝΟΙΚΤΟΥ ΠΑΝΕΠΙΣΤΗΜΙΟΥ	5
0	S		4374369	ΔΕΥΤΕΡΟ ΜΕΤΑΠΤΥΧΙΑΚΟ ΔΙΠΛΩΜΑ	6
0	S		4374390	ΠΙΣΤΟΠΟΙΗΤΙΚΟ ΑΣΠΑΙΤΕ	4
0	S		4374398	ΔΙΠΛΩΜΑ ΙΣΟΤΙΜΟ ΜΕ ΠΤΥΧΙΟ ΑΕΙ (ΔΙΚΑΤΣΑ)	5
0	S		543	ΑΔΕΙΑ ΑΣΚΗΣΕΩΣ ΝΑΥΑΓΟΣΩΣΤΗ ΛΟΥΤΡ.ΕΓΚΑΤΑΣΤΑΣΕΩΝ	5
0	S		582	ΠΤΥΧΙΟ ΙΣΟΔΥΝΑΜΟ ΜΕ ΤΕΙ ΜΕ ΑΠΟΦΑΣΗ ΤΟΥ ΣΑΕΠ	4
0	S		662	ΠΤΥΧΙΟ ΑΝΑΓΝΩΡΙΣΜΕΝΟ ΑΠΟ ΤΟ ΣΑΕΠ	5
0	S		663	ΜΕΤΑΠΤΥΧΙΑΚΟ ΑΝΑΓΝΩΡΙΣΜΕΝΟ ΑΠΟ ΤΟ ΣΑΕΠ	6
0	S	ΒΙΒΛΙΟΘΗΚΟΝΟΜΙΑ	4374046	ΠΤΥΧΙΟ ΒΙΒΛΙΟΘΗΚΟΝΟΜΙΑΣ Α.Σ.Σ.Ε. Τ.Ε.Ι.	4
0	S	ΒΙΒΛΙΟΘΗΚΟΝΟΜΙΑ	4374174	ΠΤΥΧΙΟ ΒΙΒΛΙΟΘΗΚΟΝΟΜΙΑΣ ΒΙΒΛΙΟΓΡΑΦΙΑΣ	4
0	S	ΒΙΒΛΙΟΘΗΚΟΝΟΜΙΑ	4374207	ΠΤΥΧΙΟ ΒΙΒΛΙΟΘΗΚΟΝΟΜΙΑΣ ΤΕΙ	4
0	S	ΒΙΒΛΙΟΘΗΚΟΝΟΜΙΑ	4374288	ΜΕΤΑΠΤΥΧΙΑΚΟ ΒΙΒΛΙΟΘΗΚΟΝΟΜΙΑΣ	6
0	S	ΒΙΒΛΙΟΘΗΚΟΝΟΜΙΑ	4374322	ΠΤΥΧΙΟ ΑΡΧΕΙΟΝΟΜΙΑΣ ΒΙΒΛ/ΜΙΑΣ	5
0	S	ΒΙΒΛΙΟΘΗΚΟΝΟΜΙΑ	4374422	ΠΤΥΧΙΟ ΑΡΧΕΙΟΝΟΜΙΑΣ-ΒΙΒΛΙΟΘΗΚΟΝΟΜΙΑΣ	5
0	S	ΒΡΕΦΟΝΗΠΙΟΚΟΜΟΙ, ΝΗΠΙΑΓΩΓΟΙ, ΠΑΙΔΑΓΩΓΟΙ	18506	ΠΤΥΧΙΟ ΝΗΠΙΑΓΩΓΩΝ ΔΗΜΟΚΡΙΤΕΙΟΥ ΠΑΝ/ΜΙΟΥ ΘΡΑΚΗΣ	5
0	S	ΒΡΕΦΟΝΗΠΙΟΚΟΜΟΙ, ΝΗΠΙΑΓΩΓΟΙ, ΠΑΙΔΑΓΩΓΟΙ	4374063	ΠΤΥΧΙΟ ΠΑΙΔΑΓΩΓΙΚΗΣ ΑΚΑΔΗΜΙΑΣ	5
0	S	ΒΡΕΦΟΝΗΠΙΟΚΟΜΟΙ, ΝΗΠΙΑΓΩΓΟΙ, ΠΑΙΔΑΓΩΓΟΙ	4374116	ΠΤΥΧΙΟ ΝΗΠΙΑΓΩΓΩΝ	4
0	S	ΒΡΕΦΟΝΗΠΙΟΚΟΜΟΙ, ΝΗΠΙΑΓΩΓΟΙ, ΠΑΙΔΑΓΩΓΟΙ	4374126	ΠΤΥΧΙΟ ΒΡΕΦ/ΚΟΜΟΥ	3
0	S	ΒΡΕΦΟΝΗΠΙΟΚΟΜΟΙ, ΝΗΠΙΑΓΩΓΟΙ, ΠΑΙΔΑΓΩΓΟΙ	4374163	ΑΠΟΦΟΙΤΗΡΙΟ ΜΗΠΙΟΤΡΟΦΙΑΣ	3
0	S	ΒΡΕΦΟΝΗΠΙΟΚΟΜΟΙ, ΝΗΠΙΑΓΩΓΟΙ, ΠΑΙΔΑΓΩΓΟΙ	4374178	ΠΤΥΧΙΟ ΠΑΙΔΑΓΩΓΙΚΩΝ ΣΠΟΥΔΩΝ	5
0	S	ΒΡΕΦΟΝΗΠΙΟΚΟΜΟΙ, ΝΗΠΙΑΓΩΓΟΙ, ΠΑΙΔΑΓΩΓΟΙ	4374179	ΠΤΥΧΙΟ ΝΗΠΙΑΓΩΓΩΝ Α.Π.Θ.	5
0	S	ΒΡΕΦΟΝΗΠΙΟΚΟΜΟΙ, ΝΗΠΙΑΓΩΓΟΙ, ΠΑΙΔΑΓΩΓΟΙ	4374268	ΠΤΥΧΙΟ ΤΕΛ ΒΡΕΦΟΝΗΠΙΟΚΟΜΩΝ	3
0	S	ΒΡΕΦΟΝΗΠΙΟΚΟΜΟΙ, ΝΗΠΙΑΓΩΓΟΙ, ΠΑΙΔΑΓΩΓΟΙ	4374303	ΠΤΥΧΙΟ ΝΗΠΙΑΓΩΓΩΝ ΕΞΩΤΕΡΙΚΟΥ	3
0	S	ΒΡΕΦΟΝΗΠΙΟΚΟΜΟΙ, ΝΗΠΙΑΓΩΓΟΙ, ΠΑΙΔΑΓΩΓΟΙ	4374335	ΠΤΥΧΙΟ ΠΑΙΔΑΓΩΓΙΚΟΥ ΤΜΗΜΑΤΟΣ ΠΑΝ/ΜΙΟΥ	5
0	S	ΒΡΕΦΟΝΗΠΙΟΚΟΜΟΙ, ΝΗΠΙΑΓΩΓΟΙ, ΠΑΙΔΑΓΩΓΟΙ	4374417	ΠΤΥΧΙΟ ΤΕΛ ΒΟΗΘΟΥ ΒΡΕΦΟΚΟΜΟΥ	3
0	S	ΒΡΕΦΟΝΗΠΙΟΚΟΜΟΙ, ΝΗΠΙΑΓΩΓΟΙ, ΠΑΙΔΑΓΩΓΟΙ	4374428	ΠΤΥΧΙΟ ΠΑΙΔΑΓΩΓΙΚΟΥ ΙΝΣΤΙΤΟΥΤΟΥ ΤΕΧΝΩΝ	5
0	S	ΒΡΕΦΟΝΗΠΙΟΚΟΜΟΙ, ΝΗΠΙΑΓΩΓΟΙ, ΠΑΙΔΑΓΩΓΟΙ	4374447	ΠΤΥΧΙΟ ΒΡΕΦΟΝΗΠΙΟΚΟΜΙΑΣ ΤΕΙ	4
0	S	ΒΡΕΦΟΝΗΠΙΟΚΟΜΟΙ, ΝΗΠΙΑΓΩΓΟΙ, ΠΑΙΔΑΓΩΓΟΙ	4374454	ΠΤΥΧΙΟ ΠΑΙΔΑΓΩΓΙΚΩΝ ΜΟΥΣΙΚΗΣ	3
0	S	ΓΡΑΜΜΑΤΕΩΝ	4374092	ΠΤΥΧΙΟ ΔΑΚΤΥΛΟΓΡΑΦΙΑΣ	3
0	S	ΓΡΑΜΜΑΤΕΩΝ	4374125	ΠΤΥΧΙΟ ΤΗΛ/ΤΟΥ ΣΧΟΛΗΣ ΤΥΦΛΩΝ	3
0	S	ΓΡΑΜΜΑΤΕΩΝ	4374136	ΑΠΟΔ. ΑΓΓΛΟΜΑΘΩΝ ΓΡΑΜΜΑΤΕΩΝ	3
0	S	ΓΡΑΜΜΑΤΕΩΝ	4374227	ΠΤΥΧΙΟ ΤΕΛ ΥΠΑΛΛΗΛΩΝ ΓΡΑΦΕΙΟΥ	3
0	S	ΓΥΜΝΑΣΤΕΣ	4374067	ΠΤΥΧΙΟ ΦΥΣΙΚΗΣ ΑΓΩΓΗΣ ΚΑΙ ΑΘΛΗΤΙΣΜΟΥ	5
0	S	ΓΥΜΝΑΣΤΕΣ	4374226	ΠΤΥΧΙΟ ΤΕΦΑΑ	5
0	S	ΕΠΙΣΤΗΜΕΣ ΥΓΕΙΑΣ	4374073	ΠΤΥΧΙΟ ΦΑΡΜΑΚΕΥΤΙΚΗΣ ΣΧΟΛΗΣ	5
0	S	ΕΠΙΣΤΗΜΕΣ ΥΓΕΙΑΣ	4374229	ΠΤΥΧΙΟ ΝΟΣΗΛΕΥΤΙΚΗΣ ΤΕΙ	4
0	S	ΕΠΙΣΤΗΜΕΣ ΥΓΕΙΑΣ	4374241	ΠΤΥΧΙΟ ΝΟΣΗΛΕΥΤΚΗΣ Μ Τ Σ	3
0	S	ΕΠΙΣΤΗΜΕΣ ΥΓΕΙΑΣ	4374280	ΠΤΥΧΙΟ ΚΤΗΝΙΑΤΡΙΚΗΣ	5
0	S	ΕΠΙΣΤΗΜΕΣ ΥΓΕΙΑΣ	4374281	ΠΤΥΧΙΟ ΨΥΧΟΛΟΓΙΑΣ	5
0	S	ΕΠΙΣΤΗΜΕΣ ΥΓΕΙΑΣ	4374283	ΠΤΥΧΙΟ ΦΥΣΙΚΟΘΕΡΑΠΕΙΑΣ	5
0	S	ΕΠΙΣΤΗΜΕΣ ΥΓΕΙΑΣ	4374284	ΑΔΕΛΦΩΝ ΝΟΣΟΚ/ΜΩΝ ΚΑΤΕΕ	4
0	S	ΕΠΙΣΤΗΜΕΣ ΥΓΕΙΑΣ	4374356	ΠΤΥΧΙΟ ΦΥΣΙΚΟΘΕΡΑΠΕΙΑΣ ΕΠΑΓΓΕΛΜΑΤΩΝ ΥΓΕΣ	4
0	S	ΕΠΙΣΤΗΜΕΣ ΥΓΕΙΑΣ	4374357	ΠΤΥΧΙΟ ΙΑΤΡΙΚΩΝ ΕΡΓΑΣΤΗΡΙΩΝ  ΤΕΙ	4
0	S	ΕΠΙΣΤΗΜΕΣ ΥΓΕΙΑΣ	4374411	ΕΙΔΙΚΟΤΗΤΑ ΠΑΘΟΛΟΓΟΥ	5
0	S	ΕΠΙΣΤΗΜΕΣ ΥΓΕΙΑΣ	4374412	ΑΔΕΙΑ ΑΣΚΗΣΗΣ ΙΑΤΡΙΚΟΥ ΕΠΑΓΓΕΛΜΑΤΟΣ	3
0	S	ΕΠΙΣΤΗΜΕΣ ΥΓΕΙΑΣ	4374414	ΠΤΥΧΙΟ ΜΑΙΕΥΤΙΚΗΣ ΤΕΙ	4
0	S	ΕΠΙΣΤΗΜΕΣ ΥΓΕΙΑΣ	4374416	ΠΤΥΧΙΟ ΙΑΤΡΙΚΗΣ	5
0	S	ΕΠΙΣΤΗΜΕΣ ΥΓΕΙΑΣ	4374419	ΠΤΥΧΙΟ ΕΠΙΣΚΕΠΤΩΝ ΥΓΕΙΑΣ ΤΕΙ	4
0	S	ΕΠΙΣΤΗΜΕΣ ΥΓΕΙΑΣ	822	ΠΤΥΧΙΟ ΕΠΑΛ ΒΟΗΘΩΝ ΝΟΣΗΛΕΥΤΩΝ	3
0	S	ΕΠΙΣΤΗΜΕΣ ΥΓΕΙΑΣ	29526	ΠΤΥΧΙΟ ΑΕΙ ΝΟΣΗΛΕΥΤΙΚΗΣ Δ.Π.	5
0	S	ΘΕΟΛΟΓΙΚΕΣ ΣΠΟΥΔΕΣ	4374182	ΠΤΥΧΙΟ ΑΝΩΤΕΡΟΥ ΕΚΚΛ/ΚΟΥ  ΦΡΟΝΤΙΣΤΗΡΙΟΥ	4
0	S	ΘΕΟΛΟΓΙΚΕΣ ΣΠΟΥΔΕΣ	4374192	ΠΤΥΧΙΟ ΘΕΟΛΟΓΙΑΣ ΑΠΘ	5
0	S	ΘΕΟΛΟΓΙΚΕΣ ΣΠΟΥΔΕΣ	4374277	ΑΝΩΤΕΡΑ ΕΚΚΛΗΣΙΑΣΤΙΚΗ ΣΧΟΛΗ ΑΘΗΝΩΝ	4
0	S	ΘΕΟΛΟΓΙΚΕΣ ΣΠΟΥΔΕΣ	4374307	ΜΕΤΑΠΤΥΧΙΑΚΟ ΘΕΟΛΟΓΙΚΗΣ ΣΧΟΛΗΣ	6
0	S	ΘΕΟΛΟΓΙΚΕΣ ΣΠΟΥΔΕΣ	4374312	ΠΤΥΧΙΟ ΠΟΙΜΑΝΤΙΚΗΣ ΚΑΙ ΚΟΙΝ/ΚΗΣ ΘΕΟΛΟΓΙΣ	5
0	S	ΘΕΟΛΟΓΙΚΕΣ ΣΠΟΥΔΕΣ	4374383	ΑΝΩΤΑΤΗ ΕΚΚΛΗΣΙΑΣΤΙΚΗ ΑΚΑΔΗΜΙΑ ΘΕΣ/ΝΙΚΗΣ	5
0	S	ΘΕΟΛΟΓΙΚΕΣ ΣΠΟΥΔΕΣ	4374458	ΠΤΥΧΙΟ ΘΕΟΛΟΓΙΑΣ	5
0	S	ΘΕΟΛΟΓΙΚΕΣ ΣΠΟΥΔΕΣ	702	ΑΝΩΤΕΡΑ ΕΚΚΛΗΣΙΑΣΤΙΚΗ ΣΧΟΛΗ ΘΕΣΣΑΛΟΝΙΚΗΣ	4
0	S	ΘΕΤΙΚΕΣ ΕΠΙΣΤΗΜΕΣ	4374037	ΠΤΥΧΙΟ  ΓΕΩΠΟΝΙΑΣ	5
0	S	ΘΕΤΙΚΕΣ ΕΠΙΣΤΗΜΕΣ	4374089	ΠΤΥΧΙΟ ΑΝΩΤΕΡΑΣ ΓΕΩΠΟΝΙΚΗΣ ΣΧΟΛΗΣ	4
0	S	ΘΕΤΙΚΕΣ ΕΠΙΣΤΗΜΕΣ	4374101	ΠΙΣΤ/ΚΟ ΙΝΣΤΙΤΟΥΤΟΥ ΓΕΩΠΟΝΙΚΩΝ ΕΠΙΣΤΗΜΩΝ	3
0	S	ΘΕΤΙΚΕΣ ΕΠΙΣΤΗΜΕΣ	4374102	ΠΤΥΧΙΟ ΤΕΧΝΙΚΗΣ ΣΧΟΛΗΣ ΔΑΣΙΚΟΥ ΚΛΑΔΟΥ	3
0	S	ΘΕΤΙΚΕΣ ΕΠΙΣΤΗΜΕΣ	4374128	ΠΤΥΧΙΟ ΓΕΩΛΟΓΙΑΣ	5
0	S	ΘΕΤΙΚΕΣ ΕΠΙΣΤΗΜΕΣ	4374129	ΠΤΥΧΙΟ ΦΥΣΙΚΟΜΑΘΗΜΑΤΙΚΗΣ	5
0	S	ΘΕΤΙΚΕΣ ΕΠΙΣΤΗΜΕΣ	4374194	ΜΕΤΑΠΤΥΧΙΑΚΟ ΗΛ/ΚΗΣ ΦΥΣΙΚΗΣ Α.Π.Θ.	6
0	S	ΘΕΤΙΚΕΣ ΕΠΙΣΤΗΜΕΣ	4374200	ΠΤΥΧΙΟ ΧΗΜΙΚΟΥ	5
0	S	ΘΕΤΙΚΕΣ ΕΠΙΣΤΗΜΕΣ	4374214	ΠΤΥΧΙΟ ΒΙΟΛΟΓΙΑΣ ΑΠΘ	5
0	S	ΘΕΤΙΚΕΣ ΕΠΙΣΤΗΜΕΣ	4374230	ΠΤΥΧΙΟ ΤΕΧ/ΓΩΝ ΓΕΩΠΟΝΙΑΣ ΤΕΙ	4
0	S	ΘΕΤΙΚΕΣ ΕΠΙΣΤΗΜΕΣ	4374237	ΠΤΥΧΙΟ ΜΑΘΗΜΑΤΙΚΟΥ	5
0	S	ΘΕΤΙΚΕΣ ΕΠΙΣΤΗΜΕΣ	4374238	ΠΤΥΧΙΟ ΦΥΣΙΚΟΥ	5
0	S	ΘΕΤΙΚΕΣ ΕΠΙΣΤΗΜΕΣ	4374243	ΠΤΥΧΙΟ ΔΑΣΟΛΟΓΙΑΣ ΚΑΙ ΦΥΣΙΚΟΥ ΠΕΡ/ΝΤΟΣ	5
0	S	ΘΕΤΙΚΕΣ ΕΠΙΣΤΗΜΕΣ	4374262	ΔΙΔΑΚΤΟΡΙΚΟ ΦΥΣΙΚΗΣ	7
0	S	ΘΕΤΙΚΕΣ ΕΠΙΣΤΗΜΕΣ	4374265	ΠΤΥΧΙΟ ΔΑΣΟΠΟΝΙΑΣ ΤΕΙ	4
0	S	ΚΛΑΣΙΚΕΣ ΣΠΟΥΔΕΣ	27786	ΔΙΕΘΝΩΝ ΕΥΡΩΠΑΙΚΩΝ  ΣΠΟΥΔΩΝ	5
0	S	ΚΛΑΣΙΚΕΣ ΣΠΟΥΔΕΣ	4374058	ΠΤΥΧΙΟ ΦΙΛΟΣΟΦΙΚΗΣ ΣΧΟΛΗΣ Α.Π.Θ.	5
0	S	ΚΛΑΣΙΚΕΣ ΣΠΟΥΔΕΣ	4374074	ΠΤΥΧΙΟ ΓΑΛΛΙΚΗΣ ΦΙΛΟΛΟΓΙΑΣ	5
0	S	ΚΛΑΣΙΚΕΣ ΣΠΟΥΔΕΣ	4374075	ΠΤΥΧΙΟ ΑΓΓΛΙΚΗΣ ΦΙΛΟΛΟΓΙΑΣ	5
0	S	ΚΛΑΣΙΚΕΣ ΣΠΟΥΔΕΣ	4374076	ΔΙΠΛΩΜΑ ΓΕΡΜΑΝΙΚΗΣ	3
0	S	ΚΛΑΣΙΚΕΣ ΣΠΟΥΔΕΣ	4374112	ΠΤΥΧΙΟ ΑΡΧΑΙΟΛΟΓΙΑΣ ΚΑΙ ΤΕΧΝΗΣ Α.Π.Θ.	5
0	S	ΚΛΑΣΙΚΕΣ ΣΠΟΥΔΕΣ	4374119	ΠΤΥΧΙΟ ΙΤΑΛΙΚΗΣ ΦΙΛΟΛΟΓΙΑΣ	5
0	S	ΚΛΑΣΙΚΕΣ ΣΠΟΥΔΕΣ	4374172	ΜΕΤΑΠΤΥΧΙΑΚΟ ΙΣΤΟΡΙΑΣ	6
0	S	ΚΛΑΣΙΚΕΣ ΣΠΟΥΔΕΣ	4374173	ΠΤΥΧΙΟ ΙΣΤΟΡΙΑΣ ΑΡΧΑΙΟΛΟΓΙΑΣ	5
0	S	ΚΛΑΣΙΚΕΣ ΣΠΟΥΔΕΣ	4374177	ΠΤΥΧΙΟ ΙΣΤΟΡΙΑΣ	5
0	S	ΚΛΑΣΙΚΕΣ ΣΠΟΥΔΕΣ	4374188	ΠΤΥΧΙΟ ΙΣΤΟΡΙΑΣ ΚΑΙ ΦΙΛΟΣΟΦΙΑΣ ΡΟΥΜΑΝΙΑΣ	3
0	S	ΚΛΑΣΙΚΕΣ ΣΠΟΥΔΕΣ	4374199	ΜΕΤΑΠΤΥΧΙΑΚΟ ΙΣΤΟΡΙΑΣ ΧΩΡΩΝ ΧΡΣ/ΣΟΥ ΑΙΜΟ	6
0	S	ΚΛΑΣΙΚΕΣ ΣΠΟΥΔΕΣ	4374219	ΠΤΥΧΙΟ ΙΣΤΟΡΙΑΣ ΤΗΣ ΤΕΧΝΗΣ ΑΕΙ ΓΑΛΛΙΑΣ	5
0	S	ΚΛΑΣΙΚΕΣ ΣΠΟΥΔΕΣ	4374220	ΜΕΤΑΠΤΥΧΙΑΚΟ ΑΝΑΣΤΗΛΩΣΗΣ ΜΝΗΜΕΙΩΝ	6
0	S	ΚΛΑΣΙΚΕΣ ΣΠΟΥΔΕΣ	4374274	ΠΤΥΧΙΟ ΦΙΛΟΛΟΓΙΑΣ	5
0	S	ΚΛΑΣΙΚΕΣ ΣΠΟΥΔΕΣ	4374294	ΠΤΥΧΙΟ ΠΟΤΙΣΜΙΚΩΝ ΣΠΟΥΔΩΝ	5
0	S	ΚΛΑΣΙΚΕΣ ΣΠΟΥΔΕΣ	4374295	ΠΤΥΧΙΟ LOWER ΑΓΓΛΙΚΗΣ ΓΛΩΣΣΑΣ-ΠΟΛΥ ΚΑΛΟ	3
0	S	ΚΛΑΣΙΚΕΣ ΣΠΟΥΔΕΣ	4374296	ΠΤΥΧΙΟ PROFICIENCY ΑΓΓΛ. ΓΛΩΣ. - ΑΡΙΣΤΟ	3
0	S	ΚΛΑΣΙΚΕΣ ΣΠΟΥΔΕΣ	4374297	ΠΤΥΧΙΟ CERTIFICAT ΓΑΛΛ. ΓΛΩΣ.- ΠΟΛΥ ΚΑΛΟ	3
0	S	ΚΛΑΣΙΚΕΣ ΣΠΟΥΔΕΣ	4374298	ΠΤΥΧΙΟ SORBONE ΓΑΛ. ΓΛΩΣ. - ΑΡΙΣΤΟ	3
0	S	ΚΛΑΣΙΚΕΣ ΣΠΟΥΔΕΣ	4374299	ΠΤΥΧΙΟ DIPLOME ΓΑΛ. ΓΛΩΣ. - ΑΡΙΣΤΟ	3
0	S	ΚΛΑΣΙΚΕΣ ΣΠΟΥΔΕΣ	4374300	ΠΤΥΧΙΟ SUPERIORE ΙΤΑ. ΓΛΩΣ. - ΑΡΙΣΤΟ	3
0	S	ΚΛΑΣΙΚΕΣ ΣΠΟΥΔΕΣ	4374301	ΠΤΥΧΙΟ ZERTIFIKAT ΓΕΡ. ΓΛΩΣ.- ΠΟΛΥ ΚΑΛΟ	3
0	S	ΚΛΑΣΙΚΕΣ ΣΠΟΥΔΕΣ	4374302	ΠΤΥΧΙΟ ΔΙΠΛΟΜΑ BASICO ΙΣΠ.ΓΛΩ.-ΠΟΛΥ ΚΑΛΟ	3
0	S	ΚΛΑΣΙΚΕΣ ΣΠΟΥΔΕΣ	4374305	DIPLOMA DI LINGUA E CULTURA ITALIANA	3
0	S	ΚΛΑΣΙΚΕΣ ΣΠΟΥΔΕΣ	4374306	ΠΤΥΧΙΟ CERTIFICAT ΓΑΛ.ΓΛΩΣ.- ΠΟΛΥ ΚΑΛΟ	3
0	S	ΚΛΑΣΙΚΕΣ ΣΠΟΥΔΕΣ	4374314	ΔΙΠΛΩΜΑ ΑΝΩΤΕΡΗΣ ΣΧΟΛ. ΔΡΑΜΑΤΙΚΗΣ ΤΕΧΝΗΣ	4
0	S	ΚΛΑΣΙΚΕΣ ΣΠΟΥΔΕΣ	4374317	ΚΑΛΛΙΤΕΧΝΙΚΩΝ ΣΠΟΥΔΩΝ	3
0	S	ΚΛΑΣΙΚΕΣ ΣΠΟΥΔΕΣ	4374320	ΑΡΙΣΤΗ ΓΝΩΣΗ ΓΕΡΜΑΝΙΚΗΣ ΓΛΩΣΣΑΣ(CROLES )	3
0	S	ΚΛΑΣΙΚΕΣ ΣΠΟΥΔΕΣ	4374334	ΠΤΥΧΙΟ ΕΙΚΑΣΤΙΚΩΝ ΤΕΧΝΩΝ ΣΧΟΛΗΣ ΚΑΛΩΝ ΤΝ	5
0	S	ΚΛΑΣΙΚΕΣ ΣΠΟΥΔΕΣ	4374336	ΓΝΩΣΗ ΓΙΟΥΓΚΟΣΛΑΒΙΚΗΣ	3
0	S	ΚΛΑΣΙΚΕΣ ΣΠΟΥΔΕΣ	4374340	ΚΑΛΑ ΑΓΓΛΙΚΑ	3
0	S	ΚΛΑΣΙΚΕΣ ΣΠΟΥΔΕΣ	4374341	ΚΑΛΑ ΓΑΛΛΙΚΑ	3
0	S	ΚΛΑΣΙΚΕΣ ΣΠΟΥΔΕΣ	4374342	ΚΑΛΑ ΓΕΡΜΑΝΙΚΑ	3
0	S	ΚΛΑΣΙΚΕΣ ΣΠΟΥΔΕΣ	4374343	ΚΑΛΑ ΙΤΑΛΙΚΑ	3
0	S	ΚΛΑΣΙΚΕΣ ΣΠΟΥΔΕΣ	4374344	ΚΑΛΑ ΙΣΠΑΝΙΚΑ	3
0	S	ΚΛΑΣΙΚΕΣ ΣΠΟΥΔΕΣ	4374345	ΠΟΛΥ ΚΑΛΑ ΑΓΓΛΙΚΑ	3
0	S	ΚΛΑΣΙΚΕΣ ΣΠΟΥΔΕΣ	4374346	ΠΟΛΥ ΚΑΛΑ ΓΑΛΛΙΚΑ	3
0	S	ΚΛΑΣΙΚΕΣ ΣΠΟΥΔΕΣ	4374347	ΠΟΛΥ ΚΑΛΑ ΓΕΡΜΑΝΙΚΑ	3
0	S	ΚΛΑΣΙΚΕΣ ΣΠΟΥΔΕΣ	4374348	ΠΟΛΥ ΚΑΛΑ ΙΤΑΛΙΚΑ	3
0	S	ΚΛΑΣΙΚΕΣ ΣΠΟΥΔΕΣ	4374349	ΠΟΛΥ ΚΑΛΑ ΙΣΠΑΝΙΚΑ	3
0	S	ΚΛΑΣΙΚΕΣ ΣΠΟΥΔΕΣ	4374350	ΑΡΙΣΤΑ ΑΓΓΛΙΚΑ	3
0	S	ΚΛΑΣΙΚΕΣ ΣΠΟΥΔΕΣ	4374351	ΑΡΙΣΤΑ ΓΑΛΛΙΚΑ	3
0	S	ΚΛΑΣΙΚΕΣ ΣΠΟΥΔΕΣ	4374352	ΑΡΙΣΤΑ ΓΕΡΜΑΝΙΚΑ	3
0	S	ΚΛΑΣΙΚΕΣ ΣΠΟΥΔΕΣ	4374353	ΑΡΙΣΤΑ ΙΤΑΛΙΚΑ	3
0	S	ΚΛΑΣΙΚΕΣ ΣΠΟΥΔΕΣ	4374354	ΑΡΙΣΤΑ ΙΣΠΑΝΙΚΑ	3
0	S	ΚΛΑΣΙΚΕΣ ΣΠΟΥΔΕΣ	4374370	ΠΤΥΧΙΟ ΓΕΡΜΑΝΙΚΗΣ ΦΙΛΟΛΟΓΙΑΣ	3
0	S	ΚΛΑΣΙΚΕΣ ΣΠΟΥΔΕΣ	4374376	ΚΑΛΑ ΒΟΥΛΓΑΡΙΚΑ	3
0	S	ΚΛΑΣΙΚΕΣ ΣΠΟΥΔΕΣ	4374377	ΚΑΛΑ ΣΕΡΒΙΚΑ	3
0	S	ΚΛΑΣΙΚΕΣ ΣΠΟΥΔΕΣ	4374379	ΠΟΛΥ ΚΑΛΑ ΣΕΡΒΙΚΑ	3
0	S	ΚΛΑΣΙΚΕΣ ΣΠΟΥΔΕΣ	4374385	ΑΡΙΣΤΑ ΒΟΥΛΓΑΡΙΚΑ	3
0	S	ΚΛΑΣΙΚΕΣ ΣΠΟΥΔΕΣ	4374389	ΜΕΤΡΙΑ ΓΕΡΜΑΝΙΚΑ	3
0	S	ΚΛΑΣΙΚΕΣ ΣΠΟΥΔΕΣ	4374393	ΑΡΙΣΤΑ ΣΕΡΒΙΚΑ	3
0	S	ΚΛΑΣΙΚΕΣ ΣΠΟΥΔΕΣ	4374399	ΠΟΛΥ ΚΑΛΑ ΡΟΥΜΑΝΙΚΑ	3
0	S	ΚΛΑΣΙΚΕΣ ΣΠΟΥΔΕΣ	4374400	ΠΟΛΥ ΚΑΛΑ ΡΩΣΙΚΑ	3
0	S	ΚΛΑΣΙΚΕΣ ΣΠΟΥΔΕΣ	4374404	ΜΕΤΡΙΑ ΓΑΛΛΙΚΑ	3
0	S	ΚΛΑΣΙΚΕΣ ΣΠΟΥΔΕΣ	4374408	ΔΙΠΛΩΜΑ ΔΗΜΟΣΙΟΓΡΑΦΙΑΣ ΑΠΘ	5
0	S	ΚΛΑΣΙΚΕΣ ΣΠΟΥΔΕΣ	4374410	ΠΤΥΧΙΟ ΦΙΛΟΣΟΦΙΑΣ ΠΑΙΔ/ΚΗΣ & ΨΥΧΟΛΟΓΙΑΣ	5
0	S	ΚΛΑΣΙΚΕΣ ΣΠΟΥΔΕΣ	4374420	ΔΙΠΛΩΜΑ ΔΡΑΜΑΤΙΚΗΣ ΤΕΧΝΗΣ ΚΡΑΤΙΚΟΥ ΩΔΕΙ	3
0	S	ΚΛΑΣΙΚΕΣ ΣΠΟΥΔΕΣ	4374421	ΠΤΥΧΙΟ ΚΡΑΤΙΚΟΥ ΘΕΑΤΡΟΥ Β.Ε.	3
0	S	ΚΛΑΣΙΚΕΣ ΣΠΟΥΔΕΣ	4374425	ΠΤΥΧΙΟ ΚΑΛΩΝ ΤΕΧΝΩΝ	5
0	S	ΚΛΑΣΙΚΕΣ ΣΠΟΥΔΕΣ	4374432	ΠΤΥΧΙΟ ΘΕΑΤΡΙΚΩΝ ΣΠΟΥΔΩΝ	5
0	S	ΚΛΑΣΙΚΕΣ ΣΠΟΥΔΕΣ	4374460	ΠΤΥΧΙΟ ΡΩΣΙΚΗΣ ΦΙΛΟΛΟΓΙΑΣ	5
0	S	ΚΛΑΣΙΚΕΣ ΣΠΟΥΔΕΣ	4374461	ΑΡΙΣΤΑ ΡΩΣΙΚΑ	3
0	S	ΚΛΑΣΙΚΕΣ ΣΠΟΥΔΕΣ	522	ΠΤΥΧΙΟ ΑΕΙ ΒΑΛΚΑΝΙΚΩΝ ΣΠΟΥΔΩΝ	5
0	S	ΚΛΑΣΙΚΕΣ ΣΠΟΥΔΕΣ	622	ΠΤΥΧΙΟ ΤΕΙ ΓΡΑΦΙΚΩΝ ΤΕΧΝΩΝ & ΚΑΛΛΙΤΕΧΝΙΚΩΝ ΣΠΟΥΔΩΝ	4
0	S	ΚΟΙΝΩΝΙΚΕΣ ΕΠΙΣΤΗΜΕΣ	18286	ΠΤΥΧΙΟ ΚΟΙΝΩΝΙΚΩΝ ΚΑΙ ΠΟΛΙΤΚΩΝ ΕΠΙΣΤΗΜΩΝ	5
0	S	ΚΟΙΝΩΝΙΚΕΣ ΕΠΙΣΤΗΜΕΣ	322	ΠΤΥΧΙΟ ΕΚΠΑΙΔΕΥΤΙΚΗΣ & ΚΟΙΝΩΝΙΚΗΣ ΠΟΛΙΤΙΚΗΣ	5
0	S	ΚΟΙΝΩΝΙΚΕΣ ΕΠΙΣΤΗΜΕΣ	4374024	ΠΤΥΧΙΟ ΠΟΛΙΤΙΚΩΝ ΕΠΙΣΤΗΜΩΝ  ΝΟΕ	5
0	S	ΚΟΙΝΩΝΙΚΕΣ ΕΠΙΣΤΗΜΕΣ	4374047	ΠΤΥΧΙΟ ΠΑΝΤΕΙΟΥ	5
0	S	ΚΟΙΝΩΝΙΚΕΣ ΕΠΙΣΤΗΜΕΣ	4374061	ΠΤΥΧΙΟ ΠΟΛΙΤΙΚΩΝ ΕΠΙΣΤΗΜΩΝ	5
0	S	ΚΟΙΝΩΝΙΚΕΣ ΕΠΙΣΤΗΜΕΣ	4374106	ΠΙΣΤ/ΚΟ ΕΛ.ΦΙΛΟΣΟΦΙΩΝ-ΚΟΙΝΩΝΙΚΩΝ ΣΠΟΥΔΩΝ	5
0	S	ΚΟΙΝΩΝΙΚΕΣ ΕΠΙΣΤΗΜΕΣ	4374244	ΠΤΥΧΙΟ ΤΕΛ ΚΟΙΝΩΝΙΚΩΝ ΥΠΗΡΕΣΙΩΝ Β.Ι.Β.Ε.	3
0	S	ΚΟΙΝΩΝΙΚΕΣ ΕΠΙΣΤΗΜΕΣ	4374248	ΜΕΤΑΠΤΥΧΙΑΚΟ ΚΟΙΝΩΝΙΚΗΣ ΨΥΧΙΑΤΡΙΚΗΣ	6
0	S	ΚΟΙΝΩΝΙΚΕΣ ΕΠΙΣΤΗΜΕΣ	4374313	ΠΤΥΧΙΟ ΚΟΙΝΩΝΙΟΛΟΓΙΑΣ	5
0	S	ΚΟΙΝΩΝΙΚΕΣ ΕΠΙΣΤΗΜΕΣ	4374327	ΠΤΥΧΙΟ ΚΟΙΝΩΝΙΚΟΥ ΛΕΙΤΟΥΡΓΟΥ	5
0	S	ΚΟΙΝΩΝΙΚΕΣ ΕΠΙΣΤΗΜΕΣ	4374363	ΠΤΥΧΙΟ ΚΟΙΝΩΝΙΚΗΣ ΑΝΘΡΩΠΟΛΟΓΙΑΣ ΚΑΙ ΙΣΤΣ	6
0	S	ΚΟΙΝΩΝΙΚΕΣ ΕΠΙΣΤΗΜΕΣ	545	ΠΤΥΧΙΟ ΚΟΙΝ. ΕΠΙΣΤΗΜΩΝ ΤΜ ΠΕΡΙΒΑΛΛΟΝΤΟΣ	5
0	S	ΚΟΙΝΩΝΙΚΕΣ ΕΠΙΣΤΗΜΕΣ	782	ΠΤΥΧΙΟ ΚΟΙΝΩΝΙΚΗΣ ΔΙΟΙΚΗΣΗΣ	5
0	S	ΜΟΥΣΙΚΕΣ ΣΠΟΥΔΕΣ	241	ΠΤΥΧΙΟ ΜΟΥΣΙΚΩΝ ΣΠΟΥΔΩΝ ΤΕΙ ΑΝΑΓΝΩΡΙΣΜΕΝΟ ΑΠΟ ΤΟ ΙΤΕ	4
0	S	ΜΟΥΣΙΚΕΣ ΣΠΟΥΔΕΣ	25546	ΔΙΠΛΩΜΑ BASSO TUBA	4
0	S	ΜΟΥΣΙΚΕΣ ΣΠΟΥΔΕΣ	321	ΠΤΥΧΙΟ ΜΟΥΣΙΚΩΝ ΣΠΟΥΔΩΝ ΑΕΙ ΑΝΑΓΝΩΡΙΣΜΕΝΟ	5
0	S	ΜΟΥΣΙΚΕΣ ΣΠΟΥΔΕΣ	4374048	ΔΙΠΛΩΜΑ ΩΔΕΙΟΥ ΜΟΝΩΔΙΑΣ	3
0	S	ΜΟΥΣΙΚΕΣ ΣΠΟΥΔΕΣ	4374168	ΠΤΥΧΙΟ ΒΥΖΑΝΤΙΝΗΣ ΜΟΥΣΙΚΗΣ	3
0	S	ΜΟΥΣΙΚΕΣ ΣΠΟΥΔΕΣ	4374395	ΠΤΥΧΙΟ ΩΔΕΙΟΥ - ΤΡΟΜΠΕΤΑ	4
0	S	ΜΟΥΣΙΚΕΣ ΣΠΟΥΔΕΣ	4374396	ΠΤΥΧΙΟ ΩΔΕΙΟΥ - ΑΡΜΟΝΙΑ	4
0	S	ΜΟΥΣΙΚΕΣ ΣΠΟΥΔΕΣ	4374406	ΠΤΥΧΙΟ ΑΡΜΟΝΙΑΣ ΔΗΜ.ΩΔΕΙΟΥ	4
0	S	ΜΟΥΣΙΚΕΣ ΣΠΟΥΔΕΣ	4374423	ΠΤΥΧΙΟ ΜΟΥΣΙΚΩΝ ΣΠΟΥΔΩΝ	5
0	S	ΜΟΥΣΙΚΕΣ ΣΠΟΥΔΕΣ	4374424	ΠΤΥΧΙΟ ΩΔΕΙΟΥ ΒΙΟΛΙΟΥ	4
0	S	ΜΟΥΣΙΚΕΣ ΣΠΟΥΔΕΣ	4374426	ΠΤΥΧΙΟ ΩΔΕΙΟΥ ΑΝΤΙΣΤΙΞΗΣ	4
0	S	ΜΟΥΣΙΚΕΣ ΣΠΟΥΔΕΣ	4374427	ΠΤΥΧΙΟ ΩΔΕΙΟΥ ΠΙΑΝΟΥ	3
0	S	ΜΟΥΣΙΚΕΣ ΣΠΟΥΔΕΣ	4374429	ΠΤΥΧΙΟ ΩΔΕΙΟΥ ΒΙΟΛΑΣ	4
0	S	ΜΟΥΣΙΚΕΣ ΣΠΟΥΔΕΣ	4374433	ΠΤΥΧΙΟ ΩΔΕΙΟΥ ΒΙΟΛΟΝΤΣΕΛΟΥ	5
0	S	ΜΟΥΣΙΚΕΣ ΣΠΟΥΔΕΣ	4374434	ΠΤΥΧΙΟ ΩΔΕΙΟΥ ΕΝΟΡΓΑΝΩΣΗΣ	4
0	S	ΜΟΥΣΙΚΕΣ ΣΠΟΥΔΕΣ	4374435	ΠΤΥΧΙΟ ΩΔΕΙΟΥ ΠΛΑΓΙΑΥΛΟΥ	4
0	S	ΜΟΥΣΙΚΕΣ ΣΠΟΥΔΕΣ	4374436	ΠΤΥΧΙΟ ΩΔΕΙΟΥ ΩΔΙΚΗΣ	4
0	S	ΜΟΥΣΙΚΕΣ ΣΠΟΥΔΕΣ	4374437	ΠΤΥΧΙΟ ΩΔΕΙΟΥ ΣΑΞΟΦΩΝΟΥ	4
0	S	ΜΟΥΣΙΚΕΣ ΣΠΟΥΔΕΣ	4374438	ΠΤΥΧΙΟ ΩΔΕΙΟΥ ΟΜΠΟΕ	4
0	S	ΜΟΥΣΙΚΕΣ ΣΠΟΥΔΕΣ	4374439	ΠΤΥΧΙΟ ΩΔΕΙΟΥ ΚΟΡΝΟΥ	4
0	S	ΜΟΥΣΙΚΕΣ ΣΠΟΥΔΕΣ	4374440	ΠΤΥΧΙΟ ΩΔΕΙΟΥ ΦΑΓΚΟΤΟΥ	4
0	S	ΜΟΥΣΙΚΕΣ ΣΠΟΥΔΕΣ	4374441	ΠΤΥΧΙΟ ΩΔΕΙΟΥ ΚΡΟΥΣΤΩΝ	4
0	S	ΜΟΥΣΙΚΕΣ ΣΠΟΥΔΕΣ	4374442	ΠΤΥΧΙΟ ΩΔΕΙΟΥ ΤΡΟΜΠΟΝΙ	4
0	S	ΜΟΥΣΙΚΕΣ ΣΠΟΥΔΕΣ	4374443	ΔΙΠΛΩΜΑ ΣΥΝΘΕΣΗΣ	4
0	S	ΜΟΥΣΙΚΕΣ ΣΠΟΥΔΕΣ	4374444	ΠΤΥΧΙΟ ΩΔΕΙΟΥ ΦΥΓΗΣ	4
0	S	ΜΟΥΣΙΚΕΣ ΣΠΟΥΔΕΣ	4374445	ΠΤΥΧΙΟ ΜΟΥΣΙΚΩΝ ΣΠΟΥΔΩΝ ΚΟΝΤΡΑΜΠΑΣΟ	4
0	S	ΜΟΥΣΙΚΕΣ ΣΠΟΥΔΕΣ	4374446	ΠΤΥΧΙΟ ΩΔΕΙΟΥ ΚΟΝΤΡΑΜΠΑΣΟ	4
0	S	ΜΟΥΣΙΚΕΣ ΣΠΟΥΔΕΣ	4374448	ΠΤΥΧΙΟ ΩΔΕΙΟΥ ΚΛΑΡΙΝΕΤΟΥ	4
0	S	ΜΟΥΣΙΚΕΣ ΣΠΟΥΔΕΣ	4374449	ΠΤΥΧΙΟ ΩΔΕΙΟΥ ΦΟΥΓΚΑΣ	4
0	S	ΜΟΥΣΙΚΕΣ ΣΠΟΥΔΕΣ	4374450	ΠΤΥΧΙΟ ΩΔΕΙΟΥ ΚΛΑΡΙΝΟΥ	4
0	S	ΜΟΥΣΙΚΕΣ ΣΠΟΥΔΕΣ	4374451	ΠΤΥΧΙΟ ΩΔΕΙΟΥ ΤΟΥΜΠΑΣ	4
0	S	ΜΟΥΣΙΚΕΣ ΣΠΟΥΔΕΣ	4374452	ΠΤΥΧΙΟ ΩΔΕΙΟΥ ΦΛΑΟΥΤΟΥ	3
0	S	ΜΟΥΣΙΚΕΣ ΣΠΟΥΔΕΣ	4374453	ΠΤΥΧΙΟ ΩΔΕΙΟΥ ΣΑΛΠΙΓΚΤΩΝ	3
0	S	ΝΑΥΤΙΚΕΣ ΣΠΟΥΔΕΣ	4374282	ΠΤΥΧΙΟ ΑΝ. ΣΧΟΛΗΣ Ε. ΝΑΥ/ΚΟΥ	4
0	S	ΝΑΥΤΙΚΕΣ ΣΠΟΥΔΕΣ	4374331	ΑΝΩΤΕΡΗ ΔΗΜΟΣΙΑ ΣΧΟΛΗ ΕΜ/ΚΟΥ ΝΑΥΤΙΚΟΥ	4
0	S	ΝΟΜΙΚΕΣ ΕΠΙΣΤΗΜΕΣ	362	ΠΤΥΧΙΟ ΝΟΜΙΚΗΣ ΝΟΜ.ΟΙΚ.& ΠΟΛ.ΕΠΙΣΤΗΜΩΝ ΑΠΘ	5
0	S	ΝΟΜΙΚΕΣ ΕΠΙΣΤΗΜΕΣ	4374072	ΠΤΥΧΙΟ ΝΟΜΙΚΗΣ ΣΧΟΛΗΣ	5
0	S	ΝΟΜΙΚΕΣ ΕΠΙΣΤΗΜΕΣ	4374124	ΠΤΥΧΙΟ ΝΟΜΙΚΗΣ Ν.Ο.Ε.	5
0	S	ΝΟΜΙΚΕΣ ΕΠΙΣΤΗΜΕΣ	4374166	ΠΤΥΧΙΟ ΝΟΜΙΚΗΣ ΠΑΝΕΠΙΣΤΗΝΙΟΥ ΣΟΦΙΑΣ	5
0	S	ΝΟΜΙΚΕΣ ΕΠΙΣΤΗΜΕΣ	4374169	ΜΕΤΑΠΤΥΧΙΑΚΟ ΝΟΜΙΚΗΣ	6
0	S	ΝΟΜΙΚΕΣ ΕΠΙΣΤΗΜΕΣ	4374218	ΠΤΥΧΙΟ ΝΟΜΙΚΗΣ ΠΑΝ. ΘΡΑΚΗΣ	5
0	S	ΟΔΗΓΟΙ	18567	ΑΔΕΙΑ ΟΔΗΓΟΥ C ΚΑΤΗΓΟΡΙΑΣ	3
0	S	ΟΔΗΓΟΙ	18568	ΑΔΕΙΑ ΟΔΗΓΟΥ C1 ΚΑΤΗΓΟΡΙΑΣ	3
0	S	ΟΔΗΓΟΙ	18569	ΑΔΕΙΑ ΟΔΗΓΟΥ D ΚΑΤΗΓΟΡΙΑΣ	3
0	S	ΟΔΗΓΟΙ	18570	ΑΔΕΙΑ ΟΔΗΓΟΥ D1 ΚΑΤΗΓΟΡΙΑΣ	3
0	S	ΟΔΗΓΟΙ	18571	ΑΔΕΙΑ ΟΔΗΓΟΥ BE ΚΑΤΗΓΟΡΙΑΣ	3
0	S	ΟΔΗΓΟΙ	18572	ΑΔΕΙΑ ΟΔΗΓΟΥ C1E ΚΑΤΗΓΟΡΙΑΣ	3
0	S	ΟΔΗΓΟΙ	18573	ΑΔΕΙΑ ΟΔΗΓΟΥ CE ΚΑΤΗΓΟΡΙΑΣ	3
0	S	ΟΔΗΓΟΙ	18574	ΑΔΕΙΑ ΟΔΗΓΟΥ D1E ΚΑΤΗΓΟΡΙΑΣ	3
0	S	ΟΔΗΓΟΙ	18575	ΑΔΕΙΑ ΟΔΗΓΟΥ DE ΚΑΤΗΓΟΡΙΑΣ	3
0	S	ΟΔΗΓΟΙ	4374157	ΑΔΕΙΑ ΟΔΗΓΟΥ Γ ΚΑΤΗΓΟΡΙΑΣ	3
0	S	ΟΔΗΓΟΙ	4374159	ΑΔΕΙΑ ΟΔΗΓΟΥ Ε ΚΑΤΗΓΟΡΙΑΣ	3
0	S	ΟΔΗΓΟΙ	4374162	ΑΔΕΙΑ ΟΔΗΓΟΥ Δ ΚΑΤΗΓΟΡΙΑΣ	3
0	S	ΟΔΗΓΟΙ	4374164	ΕΠΑΓΓΕΛΜΑΤΙΚΗ ΑΔΕΙΑ ΟΔΗΓΟΥ	3
0	S	ΟΔΗΓΟΙ	4374246	ΑΔΕΙΑ ΜΟΤΟΠΟΔΗΛΑΤΟΥ	3
0	S	ΟΔΗΓΟΙ	562	ΑΔΕΙΑ ΟΔΗΓΟΥ Α ΚΑΤΗΓΟΡΙΑΣ	3
0	S	ΟΔΗΓΟΙ	563	ΑΔΕΙΑ ΟΔΗΓΟΥ Β ΚΑΤΗΓΟΡΙΑΣ	3
0	S	ΟΙΚΟΝΟΜΙΚΕΣ ΕΠΙΣΤΗΜΕΣ	201	ΠΤΥΧΙΟ Ε.Α.Π. ΤΜΗΜΑ ΔΙΟΙΚΗΣΗΣ ΕΠΙΧΕΙΡΗΣΕΩΝ	5
0	S	ΟΙΚΟΝΟΜΙΚΕΣ ΕΠΙΣΤΗΜΕΣ	20220	ΜΗΧΑΝΙΚΩΝ ΠΑΡΑΓΩΓΗΣ & ΔΙΟΙΚΗΣΗΣ	5
0	S	ΟΙΚΟΝΟΜΙΚΕΣ ΕΠΙΣΤΗΜΕΣ	221	ΠΤΥΧΙΟ ΙΕΚ ΦΟΡΟΤΕΧΝΙΚΟΣ ΓΡΑΦΕΙΟΥ	3
0	S	ΟΙΚΟΝΟΜΙΚΕΣ ΕΠΙΣΤΗΜΕΣ	25346	ΠΑΝΕΠΙΣΤΗΜΙΟ ΜΑΚΕΔΟΝΙΑΣ-ΔΙΟΙΚΗΣΗ	5
0	S	ΟΙΚΟΝΟΜΙΚΕΣ ΕΠΙΣΤΗΜΕΣ	4374022	ΠΤΥΧΙΟ ΑΝΩΤΑΤΗΣ ΒΙΟΜΗΧΑΝΙΚΗΣ ΣΧΟΛΗΣ	5
0	S	ΟΙΚΟΝΟΜΙΚΕΣ ΕΠΙΣΤΗΜΕΣ	4374023	ΠΤΥΧΙΟ Ο.Π.Ε.	5
0	S	ΟΙΚΟΝΟΜΙΚΕΣ ΕΠΙΣΤΗΜΕΣ	4374029	ΔΙΔΑΚΤΟΡΙΚΟ ΟΙΚΟΝΟΜΙΚΩΝ ΚΑΙ ΠΟΛ/ΚΩΝ ΕΠΙΣ	7
0	S	ΟΙΚΟΝΟΜΙΚΕΣ ΕΠΙΣΤΗΜΕΣ	4374030	ΠΤΥΧΙΟ ΕΜΠΟΡΙΚΗΣ ΕΠΑΓΓΕΛΜΑΤΙΚΗΣ ΣΧΟΛΗΣ	3
0	S	ΟΙΚΟΝΟΜΙΚΕΣ ΕΠΙΣΤΗΜΕΣ	4374057	ΠΤΥΧΙΟ ΣΤΕΛΕΧΟΥΣ ΕΠΙΧ/ΣΕΩΣ ΜΕΣ. ΙΔ. ΣΧΟΛ	3
0	S	ΟΙΚΟΝΟΜΙΚΕΣ ΕΠΙΣΤΗΜΕΣ	4374077	ΠΤΥΧΙΟ ΟΙΚΟΝΟΜΙΚΩΝ ΝΟΕ	5
0	S	ΟΙΚΟΝΟΜΙΚΕΣ ΕΠΙΣΤΗΜΕΣ	4374093	ΠΤΥΧΙΟ ΛΟΓΙΣΤΙΚΗΣ ΤΕΙ	4
0	S	ΟΙΚΟΝΟΜΙΚΕΣ ΕΠΙΣΤΗΜΕΣ	4374104	ΠΤΥΧΙΟ ΟΙΚ/ΜΙΑΣ Δ/ΣΕΩΣ ΕΠΑΓ/ΚΟΥ ΛΥΚΕΙΟΥ	3
0	S	ΟΙΚΟΝΟΜΙΚΕΣ ΕΠΙΣΤΗΜΕΣ	4374109	ΠΙΣΤΟΠΟΙΗΤΙΚΟ ΕΣΠΕΡΙΝΟΥ ΟΙΚΟΝΟΜΙΚΟΥ ΓΥΜΝ	3
0	S	ΟΙΚΟΝΟΜΙΚΕΣ ΕΠΙΣΤΗΜΕΣ	4374131	ΠΤΥΧΙΟ ΣΤΕΛΕΧΩΝ ΛΟΓΙΣΤΗΡΙΟΥ ΚΑΤΕΕ	4
0	S	ΟΙΚΟΝΟΜΙΚΕΣ ΕΠΙΣΤΗΜΕΣ	4374165	ΠΤΥΧΙΟ ΓΕΝΙΚΗΣ ΟΙΚΟΝΟΜΙΑΣ ΤΣΕΧΟΣΛΑΒΑΚΙΑΣ	3
0	S	ΟΙΚΟΝΟΜΙΚΕΣ ΕΠΙΣΤΗΜΕΣ	4374170	ΠΤΥΧΙΟ Α.Σ.Ο.Ε.	5
0	S	ΟΙΚΟΝΟΜΙΚΕΣ ΕΠΙΣΤΗΜΕΣ	4374171	ΜΕΤΑΠΤΥΧΙΑΚΟ Ο.Ε.	6
0	S	ΟΙΚΟΝΟΜΙΚΕΣ ΕΠΙΣΤΗΜΕΣ	4374189	ΠΤΥΧΙΟ ΣΤΕΛΕΧΟΥΣ ΕΠΙΧ/ΣΕΩΣ ΚΑΤΕΕ	3
0	S	ΟΙΚΟΝΟΜΙΚΕΣ ΕΠΙΣΤΗΜΕΣ	4374215	ΠΤΥΧΙΟ ΔΙΟΙΚΗΣΗΣ ΕΠΙΧΕΙΡΗΣΕΩΝ ΤΕΙ	4
0	S	ΟΙΚΟΝΟΜΙΚΕΣ ΕΠΙΣΤΗΜΕΣ	4374217	ΠΤΥΧΙΟ ΟΙΚΟΝΟΜΙΚΩΝ ΚΑΙ ΚΟΙΝΩΝ. ΣΠΟΥΔΩΝ	5
0	S	ΟΙΚΟΝΟΜΙΚΕΣ ΕΠΙΣΤΗΜΕΣ	4374234	ΠΤΥΧΙΟ ΟΙΚΟΝΟΜΙΚΩΝ ΚΑΙ ΚΟΙΝΩΝΙΚΩΝ ΕΠ/ΜΩΝ	5
0	S	ΟΙΚΟΝΟΜΙΚΕΣ ΕΠΙΣΤΗΜΕΣ	4374250	ΠΤΥΧΙΟ ΔΙΟΙΚΗΣΗΣ ΚΑΙ ΟΙΚΟΝΟΜΙΑΣ ΤΕΙ	4
0	S	ΟΙΚΟΝΟΜΙΚΕΣ ΕΠΙΣΤΗΜΕΣ	4374255	ΑΠΟΛΥΤΗΡΙΟ ΤΕΛ ΟΙΚΟΝΟΜΙΑΣ ΚΑΙ ΔΙΟΙΚΗΣΗΣ	3
0	S	ΟΙΚΟΝΟΜΙΚΕΣ ΕΠΙΣΤΗΜΕΣ	4374264	ΠΤΥΧΙΟ ΛΟΓΙΣΤΟΥ ΜΕΣΗΣ ΕΠΑΓ/ΚΗΣ ΣΧΟΛΗΣ	3
0	S	ΟΙΚΟΝΟΜΙΚΕΣ ΕΠΙΣΤΗΜΕΣ	4374279	ΠΑΝΕΠΙΣΤΗΜΙΟ ΜΑΚΕΔΟΝΙΑΣ ΟΡΓ/ΣΗ Δ/ΚΗΣΗ	5
0	S	ΟΙΚΟΝΟΜΙΚΕΣ ΕΠΙΣΤΗΜΕΣ	4374315	ΠΤΥΧΙΟ ΛΟΓ/ΚΗΣ & ΧΡΗΜ/ΚΗΣ	5
0	S	ΟΙΚΟΝΟΜΙΚΕΣ ΕΠΙΣΤΗΜΕΣ	4374318	ΠΤΥΧΙΟ ΟΡΓΑΝΩΣΗΣ ΚΑΙ ΔΙΟΙΚΗΣΗΣ	5
0	S	ΟΙΚΟΝΟΜΙΚΕΣ ΕΠΙΣΤΗΜΕΣ	4374319	ΠΤΥΧΙΟ ΛΟΓΙΣΤΙΚΗΣ ΠΑΝΕΠΙΣΤΗΜΙΟΥ ΜΑΚΕΔΟΝΑ	5
0	S	ΟΙΚΟΝΟΜΙΚΕΣ ΕΠΙΣΤΗΜΕΣ	4374323	ΟΙΚΟΝΟΜΙΚΟ ΠΑΝ/ΜΙΟ ΜΑΚΕΔΟΝΙΑΣ	5
0	S	ΟΙΚΟΝΟΜΙΚΕΣ ΕΠΙΣΤΗΜΕΣ	4374337	ΑΔΕΙΑ ΛΟΓΙΣΤΗ-ΦΟΡΟΤΕΧΝΙΚΟΥ Α!ΤΑΞΗΣ	3
0	S	ΟΙΚΟΝΟΜΙΚΕΣ ΕΠΙΣΤΗΜΕΣ	4374338	ΑΔΕΙΑ ΛΟΓΙΣΤΗ ΦΟΡΟΤΕΧΝΙΚΟΥ Γ!ΤΑΞΕΩΣ	3
0	S	ΟΙΚΟΝΟΜΙΚΕΣ ΕΠΙΣΤΗΜΕΣ	4374360	ΠΤΥΧΙΟ ΕΜΠΟΡΙΑΣ ΚΑΙ ΔΙΑΦ/ΣΗΣ  ΤΕΙ	4
0	S	ΟΙΚΟΝΟΜΙΚΕΣ ΕΠΙΣΤΗΜΕΣ	4374364	ΠΤΥΧΙΟ ΕΥΡΩΠΑΙΚΩΝ-ΟΙΚ/ΚΩΝ ΚΑΙ ΠΟΛΙΤΙΚΩΝΝ	5
0	S	ΟΙΚΟΝΟΜΙΚΕΣ ΕΠΙΣΤΗΜΕΣ	4374367	ΣΧΟΛΗ ΔΙΟΙΚΗΣΗΣ ΤΟΥΡΙΣΤΙΚΩΝ ΕΠΙΧΕΙΡΗΣΕΩΝ	4
0	S	ΟΙΚΟΝΟΜΙΚΕΣ ΕΠΙΣΤΗΜΕΣ	4374381	ΠΤΥΧΙΟ ΟΙΚΟΝΟΜΙΚΩΝ ΣΠΟΥΔΩΝ	5
0	S	ΟΙΚΟΝΟΜΙΚΕΣ ΕΠΙΣΤΗΜΕΣ	4374384	ΑΔΕΙΑ ΑΣΚΗΣΕΩΣ ΟΙΚΟΝΟΜΟΛΟΓΙΚΟΥ ΕΠΑΓ/ΤΟΣ	3
0	S	ΟΙΚΟΝΟΜΙΚΕΣ ΕΠΙΣΤΗΜΕΣ	4374386	ΠΤΥΧΙΟ ΔΙΕΘΝΩΝ ΟΙΚ. ΣΧΕΣΕΩΝ & ΑΝΑΠΤΥΞΗΣ	5
0	S	ΟΙΚΟΝΟΜΙΚΕΣ ΕΠΙΣΤΗΜΕΣ	4374387	ΠΤΥΧΙΟ ΛΟΓΙΣΤΙΚΗΣ ΚΑΙ ΧΡΗΜΑΤΟΟΙΚΟΝΟΜΙΚΗΣ	5
0	S	ΟΙΚΟΝΟΜΙΚΕΣ ΕΠΙΣΤΗΜΕΣ	4374392	ΑΠΟΦΟΙΤΟΣ ΕΘΝΙΚΗΣ ΣΧΟΛΗΣ ΤΟΠ. ΔΙΟΙΚΗΣΗΣ	5
0	S	ΟΙΚΟΝΟΜΙΚΕΣ ΕΠΙΣΤΗΜΕΣ	4374407	ΑΔΕΙΑ ΛΟΓΙΣΤΗ-ΦΟΡΟΤΕΧΝΙΚΟΥ Β΄ΤΑΞΗΣ	3
0	S	ΟΙΚΟΝΟΜΙΚΕΣ ΕΠΙΣΤΗΜΕΣ	4374413	ΠΤΥΧΙΟ ΔΙΟΙΚΗΣΗΣ ΜΟΝΑΔΩΝ ΤΟΠ.ΑΥΤ/ΣΗΣ	5
0	S	ΟΙΚΟΝΟΜΙΚΕΣ ΕΠΙΣΤΗΜΕΣ	4374431	ΠΤΥΧΙΟ ΣΤΑΤΙΣΤΙΚΗΣ ΚΑΙ ΑΣΦΑΛΙΣΤΙΚΗΣ	5
0	S	ΠΛΗΡΟΦΟΡΙΚΗ	161	ΠΤΥΧΙΟ Η/Υ ACTA	3
0	S	ΠΛΗΡΟΦΟΡΙΚΗ	281	VELLUM  Η/Υ ACTA	3
0	S	ΠΛΗΡΟΦΟΡΙΚΗ	4374117	ΣΠΟΥΔΕΣ ΠΡΟΓΡΑΜΜΑΤΙΣΜΟΥ Η/Υ	3
0	S	ΠΛΗΡΟΦΟΡΙΚΗ	4374137	ΒΕΒΑΙΩΣΗ ΕΛΚΕΠΑ, ΠΡΟΓΡ. Η/Υ	3
0	S	ΠΛΗΡΟΦΟΡΙΚΗ	4374208	ΔΙΔΑΚΤΟΡΙΚΟ ΗΛ/ΓΟΥ ΜΗΧ/ΚΟΥ & ΜΗΧ/ΚΟΥ Η/Υ	7
0	S	ΠΛΗΡΟΦΟΡΙΚΗ	4374254	ΠΤΥΧΙΟ ΤΕΛ ΠΡΟΓΡΑΜΜΑΤΙΣΤΩΝ Η/Υ	3
0	S	ΠΛΗΡΟΦΟΡΙΚΗ	4374272	ΠΤΥΧΙΟ ΕΝΙΑΙΟΥ ΠΟΛΥΚ ΛΥΚΕΙΟΥ ΕΠΛ(ΠΛΗΡΟΦ	3
0	S	ΠΛΗΡΟΦΟΡΙΚΗ	4374291	ΕΙΔΙΚΟΣ ΕΦΑΡΜΟΓΩΝ ΠΛΗΡΟΦΟΡΙΚΗΣ	3
0	S	ΠΛΗΡΟΦΟΡΙΚΗ	4374311	ΠΤΥΧΙΟ ΠΛΗΡΟΦΟΡΙΚΗΣ ΤΕΙ	4
0	S	ΠΛΗΡΟΦΟΡΙΚΗ	4374316	ΤΕΛ ΠΛΗΡΟΦΟΡΙΚΗΣ	4
0	S	ΠΛΗΡΟΦΟΡΙΚΗ	4374371	ECDL	3
0	S	ΠΛΗΡΟΦΟΡΙΚΗ	4374375	ΓΝΩΣΗ Η/Υ	3
0	S	ΠΛΗΡΟΦΟΡΙΚΗ	4374380	ΔΙΠΛΩΜΑ ΙΕΚ Η/Υ	3
0	S	ΠΛΗΡΟΦΟΡΙΚΗ	4374382	ΠΤΥΧΙΟ ΠΛΗΡΟΦΟΡΙΚΗΣ ΑΕΙ	5
0	S	ΠΛΗΡΟΦΟΡΙΚΗ	4374388	ΠΤΥΧΙΟ ΕΠΙΣΤΗΜΗΣ ΥΠΟΛΟΓΙΣΤΩΝ	5
0	S	ΠΛΗΡΟΦΟΡΙΚΗ	4374415	ΠΤΥΧΙΟ ΑΥΤΟΜΑΤΙΣΜΟΥ ΤΕΣ	4
0	S	ΠΛΗΡΟΦΟΡΙΚΗ	4374418	ΠΤΥΧΙΟ ΠΛΗΡΟΦΟΡΙΚΗΣ Α΄ΚΥΚΛΟΥ ΤΕΕ	3
0	S	ΠΛΗΡΟΦΟΡΙΚΗ	4374456	ΠΤΥΧΙΟ ΠΛΗΡΟΦΟΡΙΚΗΣ ΤΕΕ	3
0	S	ΠΛΗΡΟΦΟΡΙΚΗ	4374459	ΠΤΥΧΙΟ ΔΙΚΤΥΩΝ Η/Υ	5
0	S	ΠΛΗΡΟΦΟΡΙΚΗ	442	ΠΤΥΧΙΟ ΙΕΚ ΤΕΧΝΙΚΟΥ Η/Υ	3
0	S	ΠΛΗΡΟΦΟΡΙΚΗ	544	ΓΝΩΣΗ ΠΡΟΓΡΑΜ. ΣΧΕΔΙΑΣΗΣ ΜΕΣΩ Η/Υ	3
0	S	ΠΟΛΥΤΕΧΝΕΙΟ	181	ΔΙΠΛΩΜΑ ΧΗΜΙΚΟΥ ΜΗΧΑΝΙΚΟΥ	5
0	S	ΠΟΛΥΤΕΧΝΕΙΟ	22566	ΠΤΥΧΙΟ ΜΗΧΑΝΙΚΩΝ ΠΕΡΙΒΑΛΛΟΝΤΟΣ ΠΟΛΥΤΕΧΝΕΙΟ	5
0	S	ΠΟΛΥΤΕΧΝΕΙΟ	4374051	ΔΙΠΛΩΜΑ ΤΟΠΟΓΡΑΦΟΥ ΜΗΧ/ΚΟΥ Α.Π.Θ.	5
0	S	ΠΟΛΥΤΕΧΝΕΙΟ	4374071	ΔΙΠΛΩΜΑ ΠΟΛΙΤΙΚΟΥ ΜΗΧΑΝΙΚΟΥ	5
0	S	ΠΟΛΥΤΕΧΝΕΙΟ	4374088	ΔΙΠΛΩΜΑ ΑΡΧΙΤΕΚΤΟΝΑ ΜΗΧΑΝΙΚΟΥ	5
0	S	ΠΟΛΥΤΕΧΝΕΙΟ	4374105	ΠΤΥΧΙΟ ΕΙΔ/ΤΑΣ ΑΡΧ/ΚΗΣ ΕΣ. ΧΩΡΩΝ	5
0	S	ΠΟΛΥΤΕΧΝΕΙΟ	4374108	ΔΙΠΛΩΜΑ ΜΗΧ/ΓΟΥ ΜΗΧ/ΚΟΥ Α.Π.Θ.	5
0	S	ΠΟΛΥΤΕΧΝΕΙΟ	4374118	ΔΙΠΛΩΜΑ ΧΗΜΙΚΟΥ ΜΗΧ/ΚΟΥ Α.Π.Θ.	5
0	S	ΠΟΛΥΤΕΧΝΕΙΟ	4374127	ΔΙΠΛΩΜΑ ΗΛ/ΓΩΝ ΜΗΧ/ΚΩΝ ΠΟΛΥΤΕΧΝΕΙΟΥ	5
0	S	ΠΟΛΥΤΕΧΝΕΙΟ	4374175	ΜΕΤΑΠΤΥΧΙΑΚΟ ΧΗΜΕΙΑΣ ΠΕΡ/ΝΤΟΣ	6
0	S	ΠΟΛΥΤΕΧΝΕΙΟ	4374176	ΔΙΔΑΚΤΟΡΙΚΟ ΧΗΜΙΚΟΥ ΜΗΧΑΝΙΚΟΥ	7
0	S	ΠΟΛΥΤΕΧΝΕΙΟ	4374193	ΔΙΠΛΩΜΑ ΜΗΧ/ΓΟΥ ΜΗΧ/ΚΟΥ	5
0	S	ΠΟΛΥΤΕΧΝΕΙΟ	4374203	ΠΤΥΧΙΟ ΑΡΧΙΤΕΚΤΟΝΑ ΤΟΠΙΟΥ	5
0	S	ΠΟΛΥΤΕΧΝΕΙΟ	4374209	ΔΙΠΛΩΜΑ ΗΛ/ΓΟΥ ΜΗΧ/ΓΟΥ ΜΗΧ/ΚΟΥ	5
0	S	ΠΟΛΥΤΕΧΝΕΙΟ	4374228	ΠΤΥΧΙΟ ΑΡΧΙΤΕΚΤΟΝΑ	5
0	S	ΠΟΛΥΤΕΧΝΕΙΟ	4374263	ΠΤΥΧΙΟ ΗΛ/ΓΟΥ ΜΗΧΑΝΙΚΟΥ ΑΕΙ	5
0	S	ΠΟΛΥΤΕΧΝΕΙΟ	4374308	ΠΤΥΧΙΟ ΑΓΡΟΝΟΜΟΥ ΤΟΠ/ΦΟΥ ΜΗΧ/ΚΟΥ Α.Π.Θ	5
0	S	ΠΟΛΥΤΕΧΝΕΙΟ	4374310	ΠΤΥΧΙΟ ΜΗΧ*ΓΟΥ ΜΗΧ/ΚΟΥ ΤΕΙ	4
0	S	ΠΟΛΥΤΕΧΝΕΙΟ	4374330	ΠΤΥΧΙΟ ΜΗΧ/ΓΟΥ ΜΗΧΑΝΙΚΟΥ ΠΟΛΥΤΕΧΝΕΙΟΥ	5
0	S	ΠΟΛΥΤΕΧΝΕΙΟ	4374430	ΠΤΥΧΙΟΥ ΠΟΛΙΤΙΚΟΥ ΜΗΧΑΝΙΚΟΥ	5
0	S	ΠΟΛΥΤΕΧΝΕΙΟ	4374462	ΕΙΔΙΚΟΣ ΓΕΩΓΡΑΦ.ΣΥΣΤ.ΠΛΗΡΟΦΟΡΙΩΝ	3
0	S	ΠΟΛΥΤΕΧΝΕΙΟ	542	ΠΤΥΧΙΟ ΜΗΧ/ΚΩΝ ΧΩΡΟΤΑΞΙΑΣ,ΠΟΛΕΟΔΟΜΙΑΣ ΚΑΙ ΠΕΡ.ΑΝΑΠΤ.	5
0	S	ΠΟΛΥΤΕΧΝΕΙΟ	642	ΠΤΥΧΙΟ ΜΗΧΑΝΙΚΩΝ ΜΕΤΑΛΛΕΙΩΝ-ΜΕΤΑΛΛΟΥΡΓΩΝ	5
0	S	ΣΤΡΑΤΙΩΤΙΚΕΣ ΣΠΟΥΔΕΣ	4374374	ΣΧΟΛΗ ΕΥΕΛΠΙΔΩΝ	5
0	S	ΤΕΧΝΙΤΕΣ	18407	ΠΤΥΧΙΟ ΤΕΛ ΜΗΧΑΝΟΛΟΓΙΚΟΥ ΤΟΜΕΑ	3
0	S	ΤΕΧΝΙΤΕΣ	18484	ΠΤΥΧΙΟ ΤΕΛ ΗΛΕΚΤΡΟΛΟΓΙΚΟΥ ΤΟΜΕΑ	3
0	S	ΤΕΧΝΙΤΕΣ	26106	ΤΕΧΝΙΚΟ ΕΠΑΓΓΕΛΜΑΤΙΚΟ ΕΚΠΑΙΔΕΥΤΗΡΙΟ ΜΑΘΗΤΕΙΑΣ ΟΑΕΔ	3
0	S	ΤΕΧΝΙΤΕΣ	261	ΠΤΥΧΙΟ ΚΤΙΡΙΑΞΩΝ ΕΡΓΩΝ ΜΕΣΗΣ ΕΠΑΓ. ΣΧΟΛΗΣ	3
0	S	ΤΕΧΝΙΤΕΣ	27106	ΑΔΕΙΑ ΑΡΧΙΤΕΧΝΙΤΗ ΥΔΡΑΥΛΙΚΟΥ	3
0	S	ΤΕΧΝΙΤΕΣ	27337	ΠΤΥΧΙΟ ΕΝΙΑΙΟΥ ΠΟΛΥΚΛΑΔΙΚΟΥ ΛΥΚΕΙΟΥ	3
0	S	ΤΕΧΝΙΤΕΣ	423	ΠΤΥΧΙΟ ΤΕΧΝΙΤΩΝ ΗΛΕΚΤΡΟΛΟΓΙΚΩΝ ΕΡΓΑΣΙΩΝ	3
0	S	ΤΕΧΝΙΤΕΣ	4374026	ΠΤΥΧΙΟ ΕΡΓ. ΜΗΧ/ΓΟΥ ΜΕΣΗΣ ΤΕΧ. ΕΠ. ΣΧΟΛΗ	3
0	S	ΤΕΧΝΙΤΕΣ	4374028	ΑΠΟΛΥΤΗΡΙΟ ΤΕΧΝΙΚΗΣ ΣΧΟΛΗΣ ΡΑΔΙΟ/ΤΩΝ	3
0	S	ΤΕΧΝΙΤΕΣ	4374031	ΠΤΥΧΙΟ ΗΛ/ΤΟΥ ΤΕΧΝΙΚΗΣ ΣΧΟΛΗΣ	3
0	S	ΤΕΧΝΙΤΕΣ	4374032	ΑΔΕΙΑ ΒΟΗΘΟΥ ΗΛ/ΤΟΥ Α ΚΑΙ Γ	3
0	S	ΤΕΧΝΙΤΕΣ	4374033	ΠΤΥΧΙΟ ΑΜΕΡΙΚΑΝΙΚΗΣ ΓΕΩΡΓΙΚΗΣ ΣΧΟΛΗΣ	3
0	S	ΤΕΧΝΙΤΕΣ	4374035	ΠΤΥΧΙΟ ΜΗΧΑΝΟΤΕΧΝΙΤΗ ΚΑΤΩΤΕΡΗΣ Τ.ΣΧΟΛΗΣ	2
0	S	ΤΕΧΝΙΤΕΣ	4374036	ΠΤΥΧΙΟ ΕΡΓ. ΤΟΠΟΓΡΑΦΟΥ ΓΕΩΜΕΤΡΟΥ Μ.Τ.Σ	3
0	S	ΤΕΧΝΙΤΕΣ	4374038	ΠΤΥΧΙΟ ΕΡΓΟΔΗΓΟΥ ΧΗΜΙΚΟΥ Μ.Τ.Σ	3
0	S	ΤΕΧΝΙΤΕΣ	4374039	ΠΤΥΧΙΟ ΕΡΓΟΔΗΓΟΥ ΔΟΜΙΚΩΝ ΕΡΓΩΝ Μ.Τ.Σ	3
0	S	ΤΕΧΝΙΤΕΣ	4374040	ΑΔΕΙΑ ΟΞΥΓΟΝΟΚΟΛΛΗΤΗ Β ΤΑΞΕΩΣ	3
0	S	ΤΕΧΝΙΤΕΣ	4374041	ΑΔΕΙΑ ΗΛΕΚΤΡΟΣΥΓΚΟΛΛΗΤΗ Β ΤΑΞΕΩΣ	3
0	S	ΤΕΧΝΙΤΕΣ	4374042	ΠΤΥΧΙΟ ΗΛΕΚΤΡΟΛΟΓΟΥ ΥΠ/ΚΟΥ ΑΝ. ΣΧΟΛΗΣ	3
0	S	ΤΕΧΝΙΤΕΣ	4374043	ΠΤΥΧΙΟ ΠΟΛΙΤΙΚΟΥ ΥΠ/ΚΟΥ ΑΝ. ΤΕΧ. ΣΧΟΛΗΣ	3
0	S	ΤΕΧΝΙΤΕΣ	4374044	ΠΤΥΧΙΟ ΕΡΓΟΔΗΓΟΥ ΗΛΕΚΤΡΟΛΟΓΟΥ Μ.Τ.Σ	3
0	S	ΤΕΧΝΙΤΕΣ	4374045	ΠΤΥΧΙΟ ΕΡΓΟΔΗΓΟΥ ΨΥΚΤΙΚΟΥ ΔΗΜΟΣΙΑΣ Μ.Τ.Σ	3
0	S	ΤΕΧΝΙΤΕΣ	4374049	ΠΤΥΧΙΟ ΕΦΑΡΜΟΣΤΗ	3
0	S	ΤΕΧΝΙΤΕΣ	4374050	ΠΤΥΧΙΟ ΞΥΛΟΥΡΓΟΥ ΚΑΤΩΤΕΡΗΣ ΤΕΧ. ΣΧΟΛΗΣ	3
0	S	ΤΕΧΝΙΤΕΣ	4374052	ΠΤΥΧΙΟ ΠΟΛΙΤΙΚΩΝ ΕΡΓΩΝ ΥΠΟΔΟΜΗΣ ΤΕΧ. ΕΦ.	4
0	S	ΤΕΧΝΙΤΕΣ	4374053	ΠΤΥΧΙΟ ΗΛ/ΓΟΥ ΑΥΤΟΚΙΝΗΤΩΝ ΥΠ.ΣΥΓΚ.	3
0	S	ΤΕΧΝΙΤΕΣ	4374055	ΑΠΟΛΥΤΗΡΙΟ ΤΕΧΝΙΚΟΥ ΛΥΚΕΙΟΥ	3
0	S	ΤΕΧΝΙΤΕΣ	4374056	ΠΤΥΧΙΟ ΗΛ/ΓΟΥ ΤΕΧ/ΓΟΥ ΜΗΧΑΝΙΚΟΥ Α.Τ.Σ	4
0	S	ΤΕΧΝΙΤΕΣ	4374059	ΜΗΧΑΝΟΛΟΓΟΣ ΜΕΣΗΣ ΤΕΧΝΙΚΗΣ ΣΧΟΛΗΣ	3
0	S	ΤΕΧΝΙΤΕΣ	4374060	ΑΔΕΙΑ ΗΛΕΚ/ΤΟΥ ΣΤ ΕΝΣΥΡΜΑΤΩΝ ΔΙΚΤΥΩΝ	3
0	S	ΤΕΧΝΙΤΕΣ	4374062	ΠΤΥΧΙΟ ΚΑΙ ΑΔΕΙΑ ΜΗΧ/ΓΟΥ ΧΕΙΡΙΣΤΗ ΜΗΧ/ΤΩ	3
0	S	ΤΕΧΝΙΤΕΣ	4374064	ΠΤΥΧΙΟ Μ. ΣΧΟΛΗΣ ΜΗΧ/ΚΟΥ ΜΗΧ/ΤΩΝ ΑΕΡ/ΦΩΝ	3
0	S	ΤΕΧΝΙΤΕΣ	4374065	ΠΤΥΧΙΟ ΜΗΧΑΝΙΚΟΥ ΑΥΤΟΚΙΝΗΤΟΥ ΕΠΑΓ. ΚΑΤ.	3
0	S	ΤΕΧΝΙΤΕΣ	4374066	ΠΤΥΧΙΟ ΒΟΗΘΟΥ ΕΡΓΟΔΗΓΟΥ ΗΛΕΚ/ΤΟΥ Μ.Τ.Σ	3
0	S	ΤΕΧΝΙΤΕΣ	4374068	ΜΕΣΗ ΕΚΑΠΙΔΕΥΣΗ ΡΟΥΜΑΝΙΑΣ ΟΔΟΙ ΚΑΙ ΓΕΦΥΡ	3
0	S	ΤΕΧΝΙΤΕΣ	4374069	ΠΤΥΧΙΟ ΣΧΕΔΙΑΣΤΟΥ	3
0	S	ΤΕΧΝΙΤΕΣ	4374070	ΠΤΥΧΙΟ ΗΛΕΚ/ΤΟΥ ΟΑΕΔ	3
0	S	ΤΕΧΝΙΤΕΣ	4374082	ΠΤΥΧΙΟ ΜΕΣΗΣ ΤΕΧΝΙΚΗΣ ΣΧΟΛΗΣ	3
0	S	ΤΕΧΝΙΤΕΣ	4374083	ΠΤΥΧΙΟ ΤΕΧΝΟΛΟΓΟΥ ΕΠΕΞΕΡΓΑΣΙΑΣ ΜΕΤΑΛΛΟΥ	3
0	S	ΤΕΧΝΙΤΕΣ	4374084	ΑΔΕΙΑ ΣΥΝΤΗΡΗΤΟΥ ΕΓΚΑΤΑΣΤΑΣΕΩΝ	3
0	S	ΤΕΧΝΙΤΕΣ	4374086	ΑΠΟΛΥΤΗΡΙΟ ΜΑΘΗΤΕΙΑΣ ΚΤΙΣΤΗ ΤΣΕΧ/ΚΙΑΣ	3
0	S	ΤΕΧΝΙΤΕΣ	4374087	ΑΠΟΛΥΤΗΡΙΟ ΠΡΑΚΤΙΚΟΥ ΣΧΟΛΕΙΟΥ ΜΗΧΑΝ.ΚΑΛ.	3
0	S	ΤΕΧΝΙΤΕΣ	4374094	ΕΝΔΕΙΚΤΙΚΟ ΤΕΧΝΙΤΗ ΣΧΟΛΗΣ ΤΕΧΝΙΤΩΝ	3
0	S	ΤΕΧΝΙΤΕΣ	4374097	ΠΤΥΧΙΟ ΘΕΡΜΟΥΔΡΑΥΛΙΚΟΥ ΟΑΕΔ	3
0	S	ΤΕΧΝΙΤΕΣ	4374098	ΠΤΥΧΙΟ ΕΡΓΟΔΗΓΟΥ ΥΔΡΑΥΛΙΚΟΥ	3
0	S	ΤΕΧΝΙΤΕΣ	4374099	ΔΙΠΛΩΜΑ ΑΡΧΙΕΡΓΑΤΗ	3
0	S	ΤΕΧΝΙΤΕΣ	4374100	ΔΙΠΛΩΜΑ ΤΕΧΝΙΤΟΥ ΗΛΕΚΤΡΟΜΗΧΑΝΙΚΟΥ ΡΩΣΙΑΣ	3
0	S	ΤΕΧΝΙΤΕΣ	4374107	ΠΤΥΧΙΟ ΣΧ.ΜΗΧΑΝΙΚΩΝ ΑΣΔΕΝ Ν.ΜΗΧΑΝΙΩΝΑΣ	3
0	S	ΤΕΧΝΙΤΕΣ	4374110	ΠΤΥΧΙΟ ΗΛ/ΓΩΝ ΣΥΝΤΗΡΗΤΩΝ	3
0	S	ΤΕΧΝΙΤΕΣ	4374111	ΠΙΣΤ/ΚΟ ΜΗΧ/ΓΟΥ ΣΧ. ΤΕΧΝΟΛΟΓΩΝ ΚΑΤΕΕ	3
0	S	ΤΕΧΝΙΤΕΣ	4374113	ΔΙΠΛΩΜΑ ΜΗΧΑΝΙΚΟΥ ΣΥΓΚΟΙΝΩΝΙΩΝ	3
0	S	ΤΕΧΝΙΤΕΣ	4374114	ΤΕΧΝΙΚΗ ΣΧΟΛΗ	3
0	S	ΤΕΧΝΙΤΕΣ	4374115	ΠΤΥΧΙΟ ΔΟΜΙΚΩΝ ΕΡΓΩΝ ΑΝ ΣΧΟΛΗΣ ΤΕΧ/ΓΩΝ	3
0	S	ΤΕΧΝΙΤΕΣ	4374120	ΑΔΕΙΑ  ΕΠΙΒΛΕΨΗΣ ΗΛ/ΚΩΝ ΕΓΚ/ΩΝ ΣΤ ΕΙΔΙΚΟΤΗΤΑΣ	3
0	S	ΤΕΧΝΙΤΕΣ	4374122	ΠΤΥΧΙΟ ΤΕΧΝΟΛ. ΙΑΤΡ. ΚΑΤΕΕ	4
0	S	ΤΕΧΝΙΤΕΣ	4374132	ΠΤΥΧΙΟ ΜΗΧ/ΚΟΥ ΑΥΤ/ΤΩΝ ΟΑΕΔ	3
0	S	ΤΕΧΝΙΤΕΣ	4374133	ΠΤΥΧΙΟ ΗΛ/ΤΟΥ ΟΑΕΔ	3
0	S	ΤΕΧΝΙΤΕΣ	4374134	ΠΤΥΧΙΟ ΕΡΓΟΔΗΓΟΥ ΗΛ/ΚΟΥ Μ.Τ.Σ.	3
0	S	ΤΕΧΝΙΤΕΣ	4374135	ΠΤΥΧΙΟ ΕΡΓΟΔΗΓΟΥ ΜΕΤΑΛΛΕΙΟΛΟΓΟΥ Μ Ι Σ	3
0	S	ΤΕΧΝΙΤΕΣ	4374140	ΕΠΑΓΓΕΛΜΑΤΙΚΟ ΛΥΚΕΙΟ	3
0	S	ΤΕΧΝΙΤΕΣ	4374141	ΠΤΥΧΙΟ ΒΟΗΘΟΥ ΕΡΓ.ΜΗΧ/ΚΩΝ ΕΓΚΑΤ. ΜΤΣ	3
0	S	ΤΕΧΝΙΤΕΣ	4374143	ΠΤΥΧΙΟ ΗΛΕΚΤΡΟΣΥΓΚΟΛΛΗΤΗ	3
0	S	ΤΕΧΝΙΤΕΣ	4374144	ΠΤΥΧΙΟ ΜΗΧ/ΚΟΥ ΜΗΧ/ΤΩΝ ΟΧΗΜΑΤΩΝ	3
0	S	ΤΕΧΝΙΤΕΣ	4374145	ΠΤΥΧΙΟ ΜΗΧΑΝΟΛΟΓΩΝ ΚΕΤΕ	3
0	S	ΤΕΧΝΙΤΕΣ	4374147	ΠΤΥΧΙΟ ΜΗΧ/ΣΥΝΘΕΤΩΝ ΑΕΡΟΣΚΑΦΩΝ ΜΙΤΣ	3
0	S	ΤΕΧΝΙΤΕΣ	4374148	ΠΤΥΧΙΟ ΨΥΚΤ.ΕΓΚΑΤΑΣΤΑΣΕΩΝ 2ΕΤΟΥΣ ΚΕΤΕ	3
0	S	ΤΕΧΝΙΤΕΣ	4374149	ΠΤΥΧΙΟ ΗΛ/ΚΩΝ ΝΑΥΤΙΚΗΣ ΣΧΟΛΗΣ	3
0	S	ΤΕΧΝΙΤΕΣ	4374153	ΠΤΥΧΙΟ ΕΦΑΡΜΟΣΤΩΝ ΣΥΝΤΗΡΗΤΩΝ ΟΑΕΔ	3
0	S	ΤΕΧΝΙΤΕΣ	4374154	ΠΤΥΧΙΟ ΜΗΧ/ΚΟΥ ΕΜΠΟΡΙΚΟΥ ΝΑΥΤΙΚΟΥ ΔΗΜΟΚΡ	3
0	S	ΤΕΧΝΙΤΕΣ	4374156	ΠΤΥΧΙΟ ΚΕΤΕ ΗΛΕΚΤΡΟΛΟΓΟΥ	3
0	S	ΤΕΧΝΙΤΕΣ	4374158	ΑΔΕΙΑ ΜΗΧ/ΓΟΥ ΧΕΙΡΙΣΤΟΥ ΜΗΧ/ΤΩΝ ΕΚ.ΕΡΓΩΝ	3
0	S	ΤΕΧΝΙΤΕΣ	4374160	ΑΔΕΙΑ ΕΚΤΕΛΕΣΗΣ ΕΣ/ΚΩΝ ΗΛΕΚ/ΚΩΝ ΕΓΚ/ΣΕΩΝ	3
0	S	ΤΕΧΝΙΤΕΣ	4374161	ΑΠΟΔΕΙΚΤΙΚΟ ΙΔ/ΚΗΣ ΤΕΧΝΙΚΗΣ ΣΧΟΛΗΣ ΑΥ/ΤΩ	3
0	S	ΤΕΧΝΙΤΕΣ	4374185	ΠΤΥΧΙΟ ΚΕΤΕ	3
0	S	ΤΕΧΝΙΤΕΣ	4374186	ΠΤΥΧΙΟ ΥΔΡΑΥΛΙΚΟΥ	3
0	S	ΤΕΧΝΙΤΕΣ	4374187	ΠΤΥΧΙΟ ΡΑΠΤΡΙΑΣ ΟΑΕΔ	3
0	S	ΤΕΧΝΙΤΕΣ	4374190	ΠΤΥΧΙΟ ΜΗΧ/ΤΗ ΑΥΤ/ΤΩΝ ΥΠ.ΜΕΤ-ΕΠ	3
0	S	ΤΕΧΝΙΤΕΣ	4374191	ΠΤΥΧΙΟ ΤΕΧ/ΓΩΝ ΜΗΧ/ΚΩΝ ΚΑΤΕΕ	3
0	S	ΤΕΧΝΙΤΕΣ	4374195	ΠΤΥΧΙΟ ΕΡΓΟΔΗΓΟΥ ΗΛΕ/ΚΟΥ Μ.Τ.Σ.	3
0	S	ΤΕΧΝΙΤΕΣ	4374196	ΠΤΥΧΙΟ ΜΑΘ.ΜΕΣ.ΤΕΧ.ΣΧ. ΟΑΕΔ	3
0	S	ΤΕΧΝΙΤΕΣ	4374197	ΑΔΕΙΑ ΗΛΕΚΤ/ΤΗ  Α- Γ-Δ- ΣΤ ΕΙΔΙΚΟΤΗΤΑΣ	3
0	S	ΤΕΧΝΙΤΕΣ	4374198	ΠΤΥΧΙΟ ΔΟΜΙΚΟΥ ΤΟΜΕΑ Τ.Ε.Λ	3
0	S	ΤΕΧΝΙΤΕΣ	4374201	ΠΤΥΧΙΟ ΤΕΧΝΟΛΟΓΟΥ ΜΗΧ/ΓΟΥ ΑΥΤ/ΤΩΝ	3
0	S	ΤΕΧΝΙΤΕΣ	4374202	ΠΤΥΧΙΟ ΕΡΓΟΔΗΓΟΥ ΗΛΕΚΤΡΟΝΙΚΟΥ	3
0	S	ΤΕΧΝΙΤΕΣ	4374204	ΠΤΥΧΙΟ ΕΡ/ΓΟΥ ΜΗΧ/ΚΟΥ ΑΥΤ/ΤΩΝ ΜΕΣΗΣ	3
0	S	ΤΕΧΝΙΤΕΣ	4374205	ΑΔΕΙΑ ΗΛ/ΤΟΥ Γ ΕΙΔΙΚΟΤΗΤΑΣ	3
0	S	ΤΕΧΝΙΤΕΣ	4374206	ΠΤΥΧΙΟ ΜΕΣΗΣ ΕΠΑΓΓΕΛΜΑΤΙΚΗΣ ΣΧΟΛΗΣ	3
0	S	ΤΕΧΝΙΤΕΣ	4374210	ΑΔΕΙΑ ΜΗΧΑΝΟΤΕΧΝΙΤΗ	3
0	S	ΤΕΧΝΙΤΕΣ	4374211	ΠΤΥΧΙΟ ΗΛΕΚΤΡΟΛΟΓΟΥ ΤΕΧΝΙΚΗΣ ΣΧΟΛΗΣ	3
0	S	ΤΕΧΝΙΤΕΣ	4374212	ΠΤΥΧΙΟ ΜΗΧΑΝΟΛΟΓΟΥ ΟΑΕΔ	3
0	S	ΤΕΧΝΙΤΕΣ	4374221	ΠΤΥΧΙΟ ΗΛΕΚ/ΤΟΥ ΚΑΤΩΤΕΡΗΣ ΤΕΧ/ΚΗΣ ΣΧΟΛΗΣ	2
0	S	ΤΕΧΝΙΤΕΣ	4374222	ΠΤΥΧΙΟ ΤΕΛ ΜΗΧ/ΚΩΝ ΑΥΤΟΚΙΝΗΤΩΝ	3
0	S	ΤΕΧΝΙΤΕΣ	4374223	ΑΔΕΙΑ ΑΣΚ. ΕΠ/ΤΟΣ ΜΗΧΑΝΟΤΕΧΝΙΤΗ	3
0	S	ΤΕΧΝΙΤΕΣ	4374225	ΠΤΥΧΙΟ ΤΕΛ ΜΗΧΑΝΟΛΟΓΟΥ	3
0	S	ΤΕΧΝΙΤΕΣ	4374231	ΠΤΥΧΙΟ ΕΡΓΟΔΗΓΩΝ Μ Τ Σ	3
0	S	ΤΕΧΝΙΤΕΣ	4374232	ΠΤΥΧΙΟ ΗΛΕΚΤΡΟΤΕΧΝΙΤΗ ΑΥΤ/ΤΟΥ	3
0	S	ΤΕΧΝΙΤΕΣ	4374233	ΠΤΥΧΙΟ ΤΕΛ ΗΛΕΚΤΡΟΝΙΚΩΝ	3
0	S	ΤΕΧΝΙΤΕΣ	4374235	ΑΔΕΙΑ ΑΣΚΗΣΕΩΣ ΕΠΑΓ/ΤΟΣ Β ΡΑΔΙΟΤΕΧΝΙΤΗ	3
0	S	ΤΕΧΝΙΤΕΣ	4374236	ΠΤΥΧΙΟ ΤΕΛ ΗΛΕΚ/ΚΩΝ ΕΓΚ/ΣΕΩΝ	3
0	S	ΤΕΧΝΙΤΕΣ	4374239	ΑΔΕΙΑ ΒΟΗΘ ΗΛΕΚΤΡΟΤΕΧΝΙΤΗ Α ΕΙΔ/ΤΑΣ	3
0	S	ΤΕΧΝΙΤΕΣ	4374240	ΑΔΕΙΑ ΗΛΕΚ/ΓΟΥ ΜΗΧΑΝΙΚΟΥ	3
0	S	ΤΕΧΝΙΤΕΣ	4374242	ΑΠΟΛΥΤΗΡΙΟ ΤΕΣ  ΔΟΜΙΚΩΝ ΚΑΤΑΣΚΕΥΩΝ	3
0	S	ΤΕΧΝΙΤΕΣ	4374245	ΠΤΥΧΙΟ ΜΗΧΑΝΟΛΟΓΙΑΣ	5
0	S	ΤΕΧΝΙΤΕΣ	4374249	ΔΙΑΤΗΡΗΣΗ ΙΣΤΟΡΙΚΩΝ ΠΟΛΕΩΝ ΚΑΙ ΚΤΙΡΙΩΝ	3
0	S	ΤΕΧΝΙΤΕΣ	4374251	ΑΔΕΙΑ ΗΛΕΚΤΡΟΤΕΧΝΙΤΟΥ Α ΚΑΤΗΓΟΡΙΑΣ	3
0	S	ΤΕΧΝΙΤΕΣ	4374252	ΠΤΥΧΙΟ ΤΕΧΝΙΤΩΝ ΑΥΤ/ΤΩΝ ΤΕΣ	3
0	S	ΤΕΧΝΙΤΕΣ	4374253	ΑΔΕΙΑ ΗΛΕΚΤΡΟΤΕΧΝΙΤΗ ΑΥΤ/ΤΩΝ	3
0	S	ΤΕΧΝΙΤΕΣ	4374258	ΠΤΥΧΙΟ ΤΕΛ ΒΟΗΘΩΝ ΙΑΤΡΙΚΩΝ ΒΙΟΛ. ΕΡΓ/ΡΙΝ	3
0	S	ΤΕΧΝΙΤΕΣ	4374260	ΠΤΥΧΙΟ  ΘΕΡΜΟΥΔΡΑΥΛΙΚΟΥ ΤΕΛ	3
0	S	ΤΕΧΝΙΤΕΣ	4374261	ΠΤΥΧΙΟ ΞΥΛΟΥΡΓΟΥ ΕΠΙΠΛΟΠΟΙΟΥ ΟΑΕΔ	3
0	S	ΤΕΧΝΙΤΕΣ	4374267	ΠΤΥΧΙΟ ΤΕΛ ΦΥΤΙΚΗΣ ΠΑΡΑΓΩΓΗΣ	3
0	S	ΤΕΧΝΙΤΕΣ	4374269	ΠΤΥΧΙΟ ΣΕΛΕΤΕ	3
0	S	ΤΕΧΝΙΤΕΣ	4374270	ΤΕΛ	3
0	S	ΤΕΧΝΙΤΕΣ	4374271	ΤΕΣ	3
0	S	ΤΕΧΝΙΤΕΣ	4374273	ΠΤΥΧΙΟ ΤΕΣ ΜΗΧΝΟΛΟΓΙΑΣ	3
0	S	ΤΕΧΝΙΤΕΣ	4374275	ΠΤΥΧΙΟ ΤΕΛ ΔΟΜΙΚΩΝ ΕΡΓΩΝ	3
0	S	ΤΕΧΝΙΤΕΣ	4374276	ΠΤΥΧΙΟ ΤΕΛ ΨΥΚΤΙΚΟΥ	3
0	S	ΤΕΧΝΙΤΕΣ	4374278	ΠΤΥΧΙΟ ΟΑΕΔ	3
0	S	ΤΕΧΝΙΤΕΣ	4374285	ΔΙΠΛΩΜΑ ΕΡΕΥΝΑΣ ΚΑΙ ΕΦΑΡΜΟΣΜΕΝΩΝ ΣΠΟΥΔΩΝ	3
0	S	ΤΕΧΝΙΤΕΣ	4374287	ΠΤΥΧΙΟ ΤΕΣ ΗΛΕΚ/ΚΩΝ	3
0	S	ΤΕΧΝΙΤΕΣ	4374289	ΠΤΥΧΙΟ ΤΕΛ ΟΔΟΝΤΟΤΕΧΝΙΤΗ	3
0	S	ΤΕΧΝΙΤΕΣ	4374292	ΑΔΕΙΑ ΕΡΓΟΔΗΓΟΥ ΜΗΧΑΝΟΛΟΓΟΥ	3
0	S	ΤΕΧΝΙΤΕΣ	4374293	ΑΔΕΙΑ  ΤΕΧΝΙΤΗ ΣΥΣΤΗΜΑΤΟΣ ΠΕΔΗΣΗΣ	3
0	S	ΤΕΧΝΙΤΕΣ	4374321	ΑΔΕΙΑ ΑΣΚΗΣΕΩΣ ΕΠΑΓΓΕΛΜΑΤΟΣ	3
0	S	ΤΕΧΝΙΤΕΣ	4374326	ΑΔΕΙΑ ΕΡΓΟΔΗΓΟΥ ΗΛΕΚΤΡΟΛΟΓΟΥ	3
0	S	ΤΕΧΝΙΤΕΣ	4374328	ΤΕΧΝΙΚΟΣ ΜΗΧΑΝΟΤΡΟΝΙΚΗΣ ΑΥΤΟΚΙΝΗΤΟΥ	3
0	S	ΤΕΧΝΙΤΕΣ	4374329	ΠΤΥΧΙΟ ΕΓΚ. ΚΤΙΡ. ΒΙΟ. ΧΩΡΩΝ ΤΕΕ	3
0	S	ΤΕΧΝΙΤΕΣ	4374332	ΤΕΧΝΙΤΗΣ ΤΡΟΧΩΝ	3
0	S	ΤΕΧΝΙΤΕΣ	4374333	ΑΔΕΙΑ ΕΡΓΟΔΗΓΟΥ Γ ΕΙΔΙΚΟΤΗΤΑΣ	3
0	S	ΤΕΧΝΙΤΕΣ	4374339	ΠΤΥΧΙΟ ΕΚΠΑΙΔΕΥΤΗ ΟΔΗΓΩΝ ΙΕΚ	3
0	S	ΤΕΧΝΙΤΕΣ	4374355	ΠΤΥΧΙΟ ΜΗΧΑΝΙΚΟΥ ΑΥΤΟΚΙΝΗΤΩΝ	3
0	S	ΤΕΧΝΙΤΕΣ	4374361	ΠΤΥΧΙΟ ΤΕΕ	3
0	S	ΤΕΧΝΙΤΕΣ	4374362	ΑΔΕΙΑ ΑΣΚΗΣΕΩΣ ΕΠΑΓ/ΜΑΤΟΣ ΡΑΔΙΟΤΕΧΝΙΤΗ	3
0	S	ΤΕΧΝΙΤΕΣ	4374365	ΠΤΥΧΙΟ ΚΤΙΡΙΑΚΩΝ ΕΡΓΩΝ Β! ΚΥΚΛΟΥ	3
0	S	ΤΕΧΝΙΤΕΣ	4374366	ΠΤΥΧΙΟ ΤΕΕ ΚΤΙΡΙΑΚΩΝ ΕΡΓΩΝ Α !ΚΥΚΛΟΥ	3
0	S	ΤΕΧΝΙΤΕΣ	4374372	ΔΙΠΛΩΜΑ ΜΕΤΑΔΕΥΤΕΡΟΒΑΘΜΙΑΣ ΕΠΑΓ/ΚΗΣ ΚΑΤΣ	3
0	S	ΤΕΧΝΙΤΕΣ	4374373	ΠΤΥΧΙΟ ΜΗΧΑΝΟΛΟΓΙΚΟΥ ΤΟΜΕΑ Β!ΚΥΚΛΟΣ	3
0	S	ΤΕΧΝΙΤΕΣ	4374378	ΕΓΚΑΤΑΣΤΑΣΕΙΣ ΚΤΙΡΙΩΝ ΚΑΙ ΒΙΟΜ/ΚΩΝ ΧΩΡΩΝ	3
0	S	ΤΕΧΝΙΤΕΣ	4374391	ΤΕΧΝΙΤΗΣ ΚΑΤ. & ΤΟΠ. ΠΙΝΑΚΙΔΩΝ ΟΔ.ΣΗΜΑΝ.	3
0	S	ΤΕΧΝΙΤΕΣ	4374394	ΠΤΥΧΙΟ ΤΕΧΝΙΤΟΥ ΑΜΑΞΩΜΑΤΩΝ ΟΑΕΔ	3
0	S	ΤΕΧΝΙΤΕΣ	4374397	ΠΤΥΧΙΟ ΙΕΚ ΜΗΧΑΝΟΓΡΑΦΗΜΕΝΟΥ ΛΟΓΙΣΤΗΡΙΟΥ	3
0	S	ΤΕΧΝΙΤΕΣ	4374401	ΠΤΥΧΙΟ ΤΕΕ ΜΗΧΑΝΟΛΟΓΙΚΟΥ ΤΟΜΕΑ	3
0	S	ΤΕΧΝΙΤΕΣ	4374402	ΠΤΥΧΙΟ ΕΠΑΓΓΕΛΜΑΤΙΚΗΣ ΚΑΤΑΡΤΙΣΗΣ ΟΕΕΚ	3
0	S	ΤΕΧΝΙΤΕΣ	4374403	ΠΤΥΧΙΟ ΜΗΧΑΝΟΛΟΓΙΚΟΥ ΤΟΜΕΑ Α!ΚΥΚΛΟΣ	3
0	S	ΤΕΧΝΙΤΕΣ	4374405	ΜΗΧ/ΚΟΣ ΑΥΤΟΚΙΝΗΤΩΝ ΜΕΣΗΣ ΣΧΟΛΗΣ	3
0	S	ΤΕΧΝΙΤΕΣ	4374455	ΠΤΥΧΙΟ ΙΕΚ	3
0	S	ΤΕΧΝΙΤΕΣ	4374457	ΠΤΥΧΙΟ ΓΕΩΓ.ΣΥΣΤ.ΠΛΗΡΟΦΟΡΙΩΝ ΙΕΚ	3
0	S	ΤΕΧΝΙΤΕΣ	462	ΑΔΕΙΑ ΤΕΧΝΙΤΗ ΗΛΕΚΤΡΟΛΟΓΟΥ Α,Γ,Δ ΕΙΔΙΚΟΤΗΤΑΣ	3
0	S	ΤΕΧΝΙΤΕΣ	482	ΕΠΑΣ ΕΙΔΙΚΟΤΗΤΑ ΑΜΑΞΩΜΑΤΩΝ	3
0	S	ΤΕΧΝΙΤΕΣ	502	ΠΤΥΧΙΟ ΕΠΑΣ ΑΡΧΙΤΕΚΤΟΝΙΚΗ ΤΟΠΙΟΥ	3
0	S	ΤΕΧΝΙΤΕΣ	602	ΑΔΕΙΑ ΕΓΚΑΤΑΣΤ. ΗΛΕΚΤΡ. Α΄ ΕΙΔ. 1ης ΟΜΑΔΑΣ	3
0	S	ΤΕΧΝΙΤΕΣ	682	ΠΤΥΧΙΟ ΤΕΣ ΗΛΕΚΤΡΟΛΟΓΙΚΩΝ/ΜΗΧΑΝΟΛΟΓΙΚΩΝ ΕΙΔΙΚΟΤΗΤΩΝ	3
0	S	ΤΕΧΝΙΤΕΣ	722	ΑΔΕΙΑ ΤΕΧΝΙΤΗ ΗΛΕΚΤΡΟΛΟΓΟΥ Α ΕΙΔΙΚΟΤΗΤΑΣ	3
0	S	ΤΕΧΝΙΤΕΣ	742	ΑΔΕΙΑ ΑΡΧΙΤΕΧΝΙΤΗ ΗΛΕΚΤΡΟΛΟΓΟΥ Α ΕΙΔΙΚΟΤΗΤΑΣ	3
0	S	ΤΕΧΝΙΤΕΣ	762	ΑΔΕΙΑ ΤΕΧΝΙΤΗ ΗΛΕΚΤΡΟΛΟΓΟΥ Δ ΕΙΔΙΚΟΤΗΤΑΣ	3
0	S	ΤΕΧΝΙΤΕΣ	802	ΚΑΡΤΑ ΨΗΦΙΑΚΟΥ ΤΑΧΟΓΡΑΦΟΥ	3
0	S	ΤΕΧΝΙΤΕΣ	842	ΠΤΥΧΙΟ ΤΕΣ	3
0	S	ΤΕΧΝΙΤΕΣ	843	ΠΤΥΧΙΟ ΕΠΑΛ	3
0	S	ΤΕΧΝΙΤΕΣ	844	ΠΤΥΧΙΟ ΟΑΕΔ	3
0	S	ΤΕΧΝΟΛΟΓΟΙ ΥΠΟΜΗΧΑΝΙΚΟΙ	21447	ΠΤΥΧΙΟ ΤΕΙ ΖΩΙΚΗΣ ΠΑΡΑΓΩΓΗΣ	4
0	S	ΤΕΧΝΟΛΟΓΟΙ ΥΠΟΜΗΧΑΝΙΚΟΙ	4374034	ΠΤΥΧΙΟ ΗΛΕΚΤΡΟΝΙΚΟΥ ΑΝ. ΤΕΧΝΙΚΗΣ ΣΧΟΛΗΣ	4
0	S	ΤΕΧΝΟΛΟΓΟΙ ΥΠΟΜΗΧΑΝΙΚΟΙ	4374090	ΠΤΥΧΙΟ ΤΕΧΝΟΛΟΓΟΥ ΦΥΤΙΚΗΣ ΠΑΡΑΓΩΓΗΣ	4
0	S	ΤΕΧΝΟΛΟΓΟΙ ΥΠΟΜΗΧΑΝΙΚΟΙ	4374091	ΠΤΥΧΙΟ ΣΧΟΛΗΣ ΤΕΧΝΟΛΟΓΙΚΩΝ ΕΦΑΡΜΟΓΩΝ ΤΕΙ	4
0	S	ΤΕΧΝΟΛΟΓΟΙ ΥΠΟΜΗΧΑΝΙΚΟΙ	4374096	ΠΤΥΧΙΟ ΜΗΧΑΝΟΛΟΓΟΥ ΥΠΟΜ/ΚΟΥ ΑΝ ΣΧΟΛΗΣ	4
0	S	ΤΕΧΝΟΛΟΓΟΙ ΥΠΟΜΗΧΑΝΙΚΟΙ	4374130	ΠΤΥΧΙΟ ΤΕΧΝΟΛΟΓΙΑΣ ΤΡΟΦΙΜΩΝ	4
0	S	ΤΕΧΝΟΛΟΓΟΙ ΥΠΟΜΗΧΑΝΙΚΟΙ	4374139	ΠΤΥΧΙΟ ΕΡΓΟΔΗΓΟΥ ΕΥΚΛΕΙΔΗ	3
0	S	ΤΕΧΝΟΛΟΓΟΙ ΥΠΟΜΗΧΑΝΙΚΟΙ	4374180	ΠΤΥΧΙΟ ΤΕΧ/ΓΟΥ ΜΗΧ/ΓΟΥ ΕΓΓΕΙΟ/ΚΩΝ ΕΡΓΩΝ	4
0	S	ΤΕΧΝΟΛΟΓΟΙ ΥΠΟΜΗΧΑΝΙΚΟΙ	4374181	ΠΤΥΧΙΟ ΤΕΧ/ΓΟΥ ΠΟΛΙΤΙΚΟΥ ΜΗΧΑΝΙΚΟΥ	4
0	S	ΤΕΧΝΟΛΟΓΟΙ ΥΠΟΜΗΧΑΝΙΚΟΙ	4374224	ΠΤΥΧΙΟ ΑΝΘΟΚΟΜΙΑΣ	3
0	S	ΤΕΧΝΟΛΟΓΟΙ ΥΠΟΜΗΧΑΝΙΚΟΙ	4374247	ΠΤΥΧΙΟ ΠΟΛΙΤΙΚΟΥ ΥΠΟΜΗΧΑΝΙΚΟΥ	6
0	S	ΤΕΧΝΟΛΟΓΟΙ ΥΠΟΜΗΧΑΝΙΚΟΙ	4374257	ΤΕΧΝΟΛΟΓΟΣ ΤΟΠΟΓΡΑΦΟΣ	4
0	S	ΤΕΧΝΟΛΟΓΟΙ ΥΠΟΜΗΧΑΝΙΚΟΙ	4374259	ΠΤΥΧΙΟ ΚΑΤΕΕ	4
0	S	ΤΕΧΝΟΛΟΓΟΙ ΥΠΟΜΗΧΑΝΙΚΟΙ	4374266	ΠΤΥΧΙΟ ΤΕΙ	4
0	S	ΤΕΧΝΟΛΟΓΟΙ ΥΠΟΜΗΧΑΝΙΚΟΙ	4374309	ΠΤΥΧΙΟ ΠΟΛΙΤΙΚΩΝ ΔΟΜΙΚΩΝ ΕΡΓΩΝ ΤΕΙ	4
0	S	ΤΕΧΝΟΛΟΓΟΙ ΥΠΟΜΗΧΑΝΙΚΟΙ	4374324	ΠΤΥΧΙΟ ΗΛΕΚΤΡΟΝΙΚΩΝ ΚΑΤΕΕ	4
0	S	ΤΕΧΝΟΛΟΓΟΙ ΥΠΟΜΗΧΑΝΙΚΟΙ	4374325	ΠΤΥΧΙΟ ΤΕΧΝ/ΓΟΥ ΗΛΕΚ/ΓΟΥ ΚΑΤΕΕ	4
0	S	ΤΕΧΝΟΛΟΓΟΙ ΥΠΟΜΗΧΑΝΙΚΟΙ	4374358	ΠΤΥΧΙΟ ΤΕΧΝΟΛΟΓΙΑΣ ΙΑΤΡΙΚΩΝ ΟΡΓΑΝΩΝ ΤΕΙ	4
0	S	ΤΕΧΝΟΛΟΓΟΙ ΥΠΟΜΗΧΑΝΙΚΟΙ	4374359	ΠΤΥΧΙΟ ΗΛΕΚΤΡΟΛΟΓΙΑΣ ΤΕΧ/ΚΩΝ ΕΦΑ/ΓΩΝ ΤΕΙ	4
0	S	ΤΕΧΝΟΛΟΓΟΙ ΥΠΟΜΗΧΑΝΙΚΟΙ	4374409	ΠΤΥΧΙΟ ΤΕΧΝΟΛΟΓΟΥ ΠΟΛΙΤΙΚΟΥ ΜΗΧ/ΚΟΥ	4
0	S	ΤΕΧΝΟΛΟΓΟΙ ΥΠΟΜΗΧΑΝΙΚΟΙ	4374463	ΑΝΩΤΕΡΑ ΣΧΟΛΗ ΥΠΟΜΗΧΑΝΙΚΩΝ	4
0	S	ΤΕΧΝΟΛΟΓΟΙ ΥΠΟΜΗΧΑΝΙΚΟΙ	4374464	ΠΤΥΧΙΟ ΤΕΧΝ/ΓΟΥ ΠΟΛΙΤΙΚΟΥ ΜΗΧ/ΚΟΥ	4
0	S	ΤΟΥΡΙΣΜΟΣ	24928	ΠΤΥΧΙΟ ΤΕΙ ΤΟΥΡΙΣΤΙΚΩΝ ΕΠΙΧΕΙΡΗΣΕΩΝ	4
0	S	ΤΟΥΡΙΣΜΟΣ	422	ΠΤΥΧΙΟ ΤΕΧΝ.ΕΠΑΓ.ΣΧ.ΤΟΥΡΙΣΤΙΚΩΝ ΕΠΑΓΓΕΛΜΑΤΩΝ	3
0	S	ΤΟΥΡΙΣΜΟΣ	4374080	ΑΠΟΛΥΤΗΡΙΟ ΟΙΚΟΚΥΡΙΚΗΣ ΚΑΙ ΕΠΑΓΚ/ΚΗΣ ΣΧ.	3
0	S	ΤΟΥΡΙΣΜΟΣ	4374095	ΠΤΥΧΙΟ ΕΠΑΓ/ΚΗΣ ΚΑΤΑΡΤΙΣΗΣ ΟΑΕΔ ΤΡΑΠΕΖΟΚ	3
0	S	ΤΟΥΡΙΣΜΟΣ	4374213	ΠΤΥΧΙΟ ΣΧΟΛΗΣ ΤΟΥΡΙΣΤΙΚΩΝ ΕΠΙΧΕΙΡΗΣΕΩΝ	3
